row,source_code,source_name,source_address,status,score,name_score,address_score,phone_score,notion_name,notion_address,previous_owner,notion_page_id,second_name,second_score
"7","100049","華慶牙醫診所","台北市中正區中華路二段339號1樓(下午3點後)","matched_update","0.953","1.000","0.920","0.000","華慶牙醫診所","臺北市中正區中華路二段339號","Sam","335dcdaa-fb2a-8186-89c2-e5b3d9a2e185","華興牙體技術所","0.350"
"8","100053","華恩牙醫診所","台北市和平西路1段154號","matched_update","0.878","1.000","0.700","0.000","華恩牙醫診所","臺北市中正區和平西路一段一五四號","Sam","335dcdaa-fb2a-81ac-b2c3-e6c52c864a89","成恩牙體技術所","0.350"
"9","100060","廖泓儀先生","台北市中正區羅斯福路一段107號7樓","matched_update","0.960","1.000","1.000","0.000","廖泓儀先生","臺北市中正區羅斯福路一段107號7樓","Sam","336dcdaa-fb2a-8175-b9e3-dfe983f1f153","力儀牙體技術所","0.292"
"10","100061","志明牙醫診所","台北市中正區寧波西街80號","matched_update","1.040","1.000","1.000","1.000","志明牙醫診所","臺北市中正區寧波西街80號","Sam","397dcdaa-fb2a-81e2-a00a-c1e5b420cc36","明浩牙體技術所","0.350"
"11","103028","村松牙體技術所","台北市大同區大龍街259巷14號2樓","skipped_review","0.640","1.000","0.000","0.000","村松牙體技術所","臺北市大同區重慶北路二段207號2樓之1","Sam","335dcdaa-fb2a-8139-8579-ecc2e5b988a2","石松牙體技術所","0.350"
"12","103045","微笑牙體技術所","台北市大同區延平北路二段43巷15-1號1樓","matched_update","0.980","1.000","1.000","0.000","微笑牙醫診所","臺北市大同區延平北路二段43巷15-1號1樓","公司","335dcdaa-fb2a-81f5-97f2-e320506a7dff","微光牙醫診所","0.350"
"13","103051","游沛儒","台北市大同區敦煌路24巷6號4樓之5","matched_update","0.960","1.000","1.000","0.000","游沛儒","臺北市大同區敦煌路24巷6號4樓之5","Sam","336dcdaa-fb2a-813a-9b28-ec810051951b","儒願牙醫診所","0.292"
"14","104003","鼎將技工所(詹先生)","台北市中山區吉林路254-2號3樓","skipped_review","0.703","0.787","0.550","0.000","鼎將牙體技術所","臺北市中山區吉林路254之2號3樓","Sam","335dcdaa-fb2a-8184-b5e8-d7d44414f49e","詹牙醫診所","0.323"
"15","104026","喬登技工所","台北市中山區龍江路342巷40號","matched_update","1.060","1.000","1.000","1.000","喬登牙體技術所","臺北市中山區龍江路342巷40號","Sam","335dcdaa-fb2a-81e5-8f01-d082477d914b","美登牙醫診所","0.350"
"16","104073","鑫瓷齒研牙體技術所","台北市林森北路627號3F","matched_update","0.907","1.000","0.550","1.000","鑫瓷齒研牙體技術所","臺北市中山區林森北路627號3樓","Sam","335dcdaa-fb2a-81a6-a102-fedd4dc5dcd2","鋯鑫齒研牙體技術所","0.495"
"17","104077","印象牙醫診所","台北市中山區民權東路2段108號","matched_update","1.060","1.000","1.000","1.000","印象牙醫診所","臺北市中山區民權東路二段一０八號","Sam","335dcdaa-fb2a-8121-932d-d34db4a6ab6e","新象牙醫診所","0.350"
"18","104090","肯奈技工所","台北市中山區民生東路2段92號3F","matched_update","0.960","1.000","1.000","0.000","肯奈牙體技術所","臺北市中山區民生東路2段92號3F","Sam","336dcdaa-fb2a-8128-9c5c-e228da36fed4","星誠牙醫診所","0.247"
"19","105074","康和牙醫診所","台北市八德路3段241號","matched_update","0.958","1.000","0.700","1.000","康和牙醫診所","臺北市松山區八德路3段241號","小郭","335dcdaa-fb2a-81ea-b339-c316a0d55ba7","上和牙體技術所","0.350"
"20","105084","靜巷美學牙醫","台北市松山區民權東路三段106巷36號","matched_update","0.936","0.787","1.000","1.000","靜巷美學牙醫診所","臺北市松山區民權東路三段106巷36號","小郭","335dcdaa-fb2a-81ad-bf68-d245a5e21a64","美學牙醫診所","0.323"
"21","106108","上恩牙體技術所(李先生)","台北市大安區仁愛路4段112巷9弄7號2樓","matched_update","0.836","0.787","1.000","0.000","上恩牙體技術所","臺北市大安區仁愛路4段112巷9弄7號2樓","Sam","336dcdaa-fb2a-81ed-aefd-e86b11f8034f","上恩牙體技術所","0.596"
"22","106121","長青牙醫診所","台北市大安區敦化南路2段88號","matched_update","1.060","1.000","1.000","1.000","長青牙醫診所","臺北市大安區敦化南路2段88號","Sam","335dcdaa-fb2a-813c-8d32-dea97e4b72ea","長青牙體技術所","0.620"
"23","106139","巫宜真醫師","台北市大安區敦化南路2段88號","skipped_review","0.480","0.000","1.000","1.000","長青牙醫診所","臺北市大安區敦化南路2段88號","Sam","335dcdaa-fb2a-813c-8d32-dea97e4b72ea","似真牙醫診所","0.292"
"24","106145","茉莉牙醫診所","台北市大安區忠孝東路3段253號3樓","matched_update","1.060","1.000","1.000","1.000","茉莉牙醫診所","臺北市大安區忠孝東路三段253號3樓","Sam","335dcdaa-fb2a-81e4-a163-f63dd1375e91","茉莉牙醫診所","0.350"
"25","108034","威登牙體技術所","新北市三重區光復路一段83巷4號5樓","skipped_review","0.760","0.620","1.000","0.000","威登數位牙體技術所","新北市三重區光復路一段83巷4號5樓","Sam","335dcdaa-fb2a-816b-80e2-d708445145c0","威登牙醫診所","0.640"
"26","108035","黃嘉信","台北市萬華區康定路82號2樓之1","matched_update","0.960","1.000","1.000","0.000","黃嘉信","臺北市萬華區康定路82號2樓之1","Sam","336dcdaa-fb2a-8149-8362-f1d79105f0af","黃牙醫診所","0.323"
"27","108037","奇技牙體技術所","台北市萬華區長泰街19巷1號5樓","skipped_review","0.720","1.000","0.000","1.000","奇技牙體技術所","臺北市萬華區東園街28巷27號3樓","Sam","335dcdaa-fb2a-81d4-8839-c2666ca4f574","享奇蹟生技有限公司","0.371"
"28","110074","成品牙醫診所","台北市信義區莊敬路322號3樓","matched_update","1.060","1.000","1.000","1.000","成品牙醫診所","臺北市信義區莊敬路322號3樓","Sam","335dcdaa-fb2a-81db-a2f3-e602ddd38167","良品牙醫診所","0.537"
"29","111068","林沅萱","台北市士林區中山北路六段277巷18弄9號3樓","matched_update","0.960","1.000","1.000","0.000","林沅萱","臺北市士林區中山北路六段277巷18弄9號3樓","Sam","336dcdaa-fb2a-8162-802f-cce89aa1f519","林牙醫診所","0.323"
"30","111073","和玉牙醫診所","台北市士林區中山北路六段405巷55號1樓","matched_update","1.060","1.000","1.000","1.000","和玉牙醫診所","臺北市士林區中山北路6段405巷55號1樓","Sam","335dcdaa-fb2a-81ac-b4a0-c86180411605","上和牙體技術所","0.350"
"31","112029","亞齊訢牙體技術所","台北市北投區大業路624號","matched_update","0.980","1.000","1.000","0.000","亞齊訢牙體技術所","臺北市北投區大業路624號","Sam","335dcdaa-fb2a-812b-8d6a-da82d4ff1d7e","亞緻牙體技術所","0.292"
"32","112035","東欣牙醫診所","台北市北投區北投路二段17號","matched_update","1.060","1.000","1.000","1.000","東欣牙醫診所","臺北市北投區北投路二段17號","小郭","335dcdaa-fb2a-8109-aa8f-ce98b1932c8d","凱欣牙體技術所","0.350"
"33","114031","立唯牙體技術所(永承)","新北市三重區三和路四段181巷61號2樓","matched_update","0.840","0.620","1.000","1.000","立唯牙體技術所","新北市三重區三和路四段181巷61號2樓","Sam","335dcdaa-fb2a-817a-8567-ee59770aecd9","永承牙體技術所","0.400"
"34","114061","惟君美學牙醫診所","台北市內湖區民權東路六段168號","matched_update","1.033","1.000","0.920","1.000","惟君美學牙醫診所","臺北市內湖區民權東路六段168號1及2樓","Sam","335dcdaa-fb2a-815c-add5-f0225ed349cd","宸蒔美學牙醫診所","0.537"
"35","115030","莊智傑","台北市南港區忠孝東路七段545號","matched_update","0.960","1.000","1.000","0.000","莊智傑","臺北市南港區忠孝東路七段545號","Sam","336dcdaa-fb2a-81a2-8cc2-eb7afa2f96ae","雅美潔牙體技術所","0.453"
"36","116030","億昇牙體技術所(張世祥先生)","台北市文山區興隆路4段165巷4號3樓","skipped_review","0.682","0.520","1.000","0.000","億昇牙體技術所","臺北市文山區興隆路4段165巷4號3樓","Sam","336dcdaa-fb2a-8165-9b5d-ed9141ef1489","欣雅牙體技術所","0.247"
"37","220010","仁傑技工所(李文傑)","新北市土城區延和路88巷6號1樓","skipped_review","0.682","0.520","1.000","0.000","仁傑牙體技術所","新北市土城區延和路88巷6號1樓","Sam","336dcdaa-fb2a-8184-9ac8-e85b0d183582","劉仁傑先生","0.330"
"38","220027","南雅牙醫診所","新北市板橋區南雅南路1段95號","matched_update","1.060","1.000","1.000","1.000","南雅牙醫診所","新北市板橋區南雅南路1段95號","小郭","335dcdaa-fb2a-8185-a3a9-e346bae6248e","雅坊牙體技術所","0.350"
"39","220032","良信技工所","新北市板橋區文化路1段188巷34之2號3樓","matched_update","1.040","1.000","1.000","1.000","良信牙體技術所","新北市板橋區文化路1段188巷34之2號3樓","Sam","33cdcdaa-fb2a-8112-bd2e-ca7c0ba94954","安信牙醫診所","0.537"
"40","220036","尚好技工所-歇業","新北市板橋區文聖街76號3樓","skipped_review","0.690","0.500","1.000","0.000","上好牙體技術所","新北市板橋區文聖街76號3樓","Sam","335dcdaa-fb2a-819f-a915-da12ff7f5da9","尚好牙體技術所","0.620"
"41","220044","精品技工所 (林先生)","新北市板橋區懷德街191巷29號1樓","matched_update","0.856","0.787","1.000","0.000","精品牙醫診所","新北市板橋區懷德街191巷29號1樓","","335dcdaa-fb2a-81a6-9bf2-d830d89b08f2","精品牙體技術所","0.516"
"42","220051","張哲源先生","新北市板橋區民治街31號","matched_update","0.960","1.000","1.000","0.000","張哲源先生","新北市板橋區民治街31號","Sam","336dcdaa-fb2a-81a0-995b-c41582596bed","哲辰牙體技術所","0.292"
"43","220052","玉采技工所","新北市板橋區漢生西路163號1樓","matched_update","1.060","1.000","1.000","1.000","玉采牙體技術所","新北市板橋區漢生西路163號1樓","小郭","335dcdaa-fb2a-8195-939a-f7feefade5ba","名采牙體技術所","0.350"
"44","220084","良德技工所","新北市板橋區中山路2段318巷20弄5號","matched_update","1.040","1.000","1.000","1.000","良德技工所","新北市板橋區中山路2段318巷20弄5號","Sam","397dcdaa-fb2a-81f5-a47b-f2cacc74d465","中和德威牙醫診所","0.440"
"45","220087","光立牙科齒模技研所(曾首舜先生)","新北市板橋區僑中二街104巷2號6樓","matched_update","0.856","0.820","1.000","0.000","光立牙科齒模技研所","新北市板橋區僑中二街104巷2號6樓","Sam","336dcdaa-fb2a-81de-86b4-d72120f05a43","立紳牙科","0.289"
"46","220093","琢御技工所(張先生)","新北市板橋區僑中二街108巷6號5F","matched_update","0.836","0.787","1.000","0.000","琢御牙體技術所","新北市板橋區僑中二街108巷6號5F","Sam","336dcdaa-fb2a-810e-bea7-ed9f1c45deb6","御信牙體技術所","0.292"
"47","220103","育全技工所(鄧先生)","新北市板橋區僑中二街48巷3號1F","skipped_review","0.703","0.787","0.550","0.000","育全牙體技術所","新北市板橋區僑中二街48巷3號1樓","Sam","335dcdaa-fb2a-81b8-a8b0-cfea7f5a6d0c","育安牙醫診所","0.292"
"48","220125","鑫鎂牙體技術所(陳先生)","新北市板橋區中山路2段374號2樓","matched_update","0.836","0.787","1.000","0.000","鑫鎂牙體技術所","新北市板橋區中山路2段374號2樓","Sam","336dcdaa-fb2a-81f3-a462-e2ea2a736d02","鑫鎂牙體技術所","0.516"
"49","220129","登緹牙體技術所","新北市板橋區四川路一段178號3樓","matched_update","0.980","1.000","1.000","0.000","登緹牙體技術所","新北市板橋區四川路一段178號3樓","Sam","335dcdaa-fb2a-815a-b9af-f2ef026cbc2c","傑登牙體技術所","0.350"
"50","220147","寰宇牙醫診所","新北市板橋區南雅西路2段2號2樓","skipped_review","0.350","1.000","0.000","0.000","寰宇牙醫診所","臺北市南港區舊莊街1段91巷14之1號(1樓)","小郭","335dcdaa-fb2a-8146-8050-d10835b91c53","泓宇牙體技術所","0.350"
"51","221017","奕家牙體技術所(林先生)","新北市汐止區伯爵街39巷32號1樓","matched_update","0.936","0.787","1.000","1.000","奕家牙體技術所","新北市汐止區伯爵街39巷32號1樓","Sam","335dcdaa-fb2a-810e-a336-c505bafd050e","林牙醫診所","0.323"
"52","234008","順合技工所","新北市永和區民生路47巷2號3樓","matched_update","1.040","1.000","1.000","1.000","順合牙體技術所","新北市永和區民生路47巷2號3樓","Sam","33cdcdaa-fb2a-813e-80aa-d9338496055a","建合牙體技術所","0.350"
"53","234032","技佳牙體技術所","新北市中和區橋和路90號5樓","matched_update","1.060","1.000","1.000","1.000","技佳牙體技術所","新北市中和區橋和路９０號５樓","Sam","335dcdaa-fb2a-8199-85b2-e613dc24f1e5","貝爾登科技有限公司","0.546"
"54","234052","澄恩牙體技術所(吳先生)","新北市永和區保平路203巷9號1F","skipped_review","0.703","0.787","0.550","0.000","澄恩牙體技術所","新北市永和區保平路203巷9號1樓","Sam","335dcdaa-fb2a-81f5-92c2-e1d030d9f758","澄牙醫診所","0.323"
"55","234062","久源牙體技術所","新北市永和區中山路1段339號2F","matched_update","0.907","1.000","0.550","1.000","久源牙體技術所","新北市永和區中山路1段339號2樓","Sam","335dcdaa-fb2a-815c-9b99-ecfa2fa23040","長久牙體技術所","0.350"
"56","234064","詠順技工所","新北市永和區福和路309巷14弄7號5樓","matched_update","1.040","1.000","1.000","1.000","詠順牙體技術所","新北市永和區福和路309巷14弄7號5樓","Sam","33cdcdaa-fb2a-8153-877a-ee8cb196278a","詠德牙體技術所","0.350"
"57","234072","博士牙體技術所","新北市永和區得和路123號2樓","matched_update","1.040","1.000","1.000","1.000","博士牙體技術所","新北市永和區得和路123號2樓","Sam","33cdcdaa-fb2a-81a8-9060-c12140c8785c","博士牙醫診所","0.640"
"58","234085","貝爾登科技有限公司","新北市中和區橋和路90號5樓","matched_update","0.960","1.000","1.000","0.000","貝爾登科技有限公司","新北市中和區橋和路90號5樓","Sam","336dcdaa-fb2a-81d7-9d56-c64baa77185b","技佳牙體技術所","0.646"
"59","235003","永光牙體技術所","桃園市龜山區楓樹路95號","matched_update","1.040","1.000","1.000","1.000","永光牙體技術所","桃園市龜山區楓樹路95號","Sam","33cdcdaa-fb2a-8124-90fc-f6176845a0f6","永光牙醫診所","0.350"
"60","235024","晶達牙體技術所","新北市中和區國光街102巷42號1F","matched_update","0.907","1.000","0.550","1.000","晶達牙體技術所","新北市中和區國光街102巷42號1樓","Sam","335dcdaa-fb2a-815a-86fb-d4a4478eba26","新達牙體技術所","0.350"
"61","235066","白金牙體技術所(楊先生)","新北市中和區大仁街20巷28號3F","matched_update","0.836","0.787","1.000","0.000","白金牙體技術所","新北市中和區大仁街20巷28號3F","Sam","336dcdaa-fb2a-8163-9f48-dca9f0d5a59c","金匠牙體技術所","0.292"
"62","235072","巧匠牙體技術所","新北市中和區中安街40巷10號11F","matched_update","0.907","1.000","0.550","1.000","巧匠牙體技術所","新北市中和區中安街40巷10號11樓","Sam","335dcdaa-fb2a-8142-a50d-ff8361542f26","金匠牙體技術所","0.350"
"63","235083","吳東峰","新北市中和區自立路58巷8號1樓","matched_update","0.960","1.000","1.000","0.000","吳東峰","新北市中和區自立路58巷8號1樓","Sam","336dcdaa-fb2a-8133-824f-c97aac576408","秀朗牙體技術所","0.400"
"64","235088","永正牙醫診所","新北市中和區明仁街14號1樓","matched_update","0.827","1.000","0.550","0.000","永正牙醫診所","新北市中和區明仁街一四.一六號一樓","Sam","335dcdaa-fb2a-815a-9a65-e272bd22a45c","正豐牙體技術所","0.350"
"65","236001","永合美精密齒工作室 (陳頡豪先生)","新北市三重區重陽路1段68號","matched_update","0.836","0.787","1.000","0.000","永合美精密齒工作室","新北市三重區重陽路1段68號","Sam","336dcdaa-fb2a-813e-90de-ca362052af5e","美兆精密齒研所","0.330"
"66","236006","國新技工所","新北市土城區學府路1段229巷7號","matched_update","1.040","1.000","1.000","1.000","國新牙體技術所","新北市土城區學府路1段229巷7號","Sam","33cdcdaa-fb2a-81da-b5ba-de801701caf9","國新德威牙醫診所","0.420"
"67","236009","六順技工所","新北市土城區青雲路457號2樓","matched_update","1.040","1.000","1.000","1.000","六順牙體技術所","新北市土城區青雲路457號2樓","Sam","33cdcdaa-fb2a-81ac-a0c8-e91c855f6691","順豐牙體技術所","0.350"
"68","236034","杏林牙醫診所","新北市土城區中央路1段298號","matched_update","1.060","1.000","1.000","1.000","杏林牙醫診所","新北市土城區中央路1段２９８號","Sam","335dcdaa-fb2a-8139-b69e-d2f2b7345677","林牙醫診所","0.420"
"69","236041","東松牙醫診所","新北市土城區裕民路237號","matched_update","0.907","1.000","0.550","1.000","東松牙醫診所","新北市土城區裕民路235、237、239號1、2樓","Sam","335dcdaa-fb2a-81af-877e-e6086a61db75","東傳牙體技術所","0.350"
"70","236046","家家牙體技術所","新北市土城區仁愛路8號5樓","matched_update","1.060","1.000","1.000","1.000","家家牙體技術所","新北市土城區仁愛路8號5樓","Sam","335dcdaa-fb2a-81f8-a11f-fa1143955868","家家牙醫診所","0.350"
"71","238024","日月辰心牙醫診所","新北市樹林區鎮前街13號","matched_update","0.953","1.000","0.920","0.000","日月辰心牙醫診所","新北市樹林區鎮前街13號一、二樓","Sam","335dcdaa-fb2a-8178-b5b7-c4e8f95de77e","日月辰心樹林牙醫診所","0.703"
"72","239002","富鴻牙體技術所(林沿洲先生)","新北市鶯歌區大湖路142巷13號","skipped_review","0.682","0.520","1.000","0.000","富鴻牙體技術所","新北市鶯歌區大湖路142巷13號","Sam","336dcdaa-fb2a-81ca-aed0-df4bb18b3fcf","富鴻牙體技術所","0.362"
"73","239003","大慶牙醫診所(嚴醫師)","新北市鶯歌區中正一路114號","matched_update","0.856","0.787","1.000","0.000","大慶牙醫診所","新北市鶯歌區中正一路１１４號","Sam","335dcdaa-fb2a-81a9-85f3-e91f2bd5c70c","立大牙體技術所","0.292"
"74","239008","誠冠牙體技術所","新北市鶯歌區中山路329巷6弄20號1樓","matched_update","1.040","1.000","1.000","1.000","誠冠牙體技術所","新北市鶯歌區中山路329巷6弄20號1樓","Sam","33cdcdaa-fb2a-8100-939a-cd776d984ad9","宏達牙體技術所","0.400"
"75","241002","碧新造齒研中心","新北市三重區溪尾街27巷40號","matched_update","0.960","1.000","1.000","0.000","碧新造齒研中心","新北市三重區溪尾街27巷40號","Sam","336dcdaa-fb2a-81c8-9c8e-d205b3372774","碧新牙體技術所","0.608"
"76","241010","立紳牙科(展芯)","新北市三重區光復路1段68巷23號2F","matched_update","0.836","0.787","1.000","0.000","立紳牙科","新北市三重區光復路1段68巷23號2F","Sam","336dcdaa-fb2a-810a-8e6f-c644098c4d55","永惠牙科器材行","0.405"
"77","241011","齒匠技工所(林世能先生)","新北市新莊區建安街87巷1號1樓","skipped_review","0.682","0.520","1.000","0.000","齒匠牙體技術所","新北市新莊區建安街87巷1號1樓","Sam","336dcdaa-fb2a-8192-9137-c17e96759da7","承心牙醫診所","0.247"
"78","241017","永明技工所","新北市三重區自強路3段87巷14號","matched_update","1.060","1.000","1.000","1.000","永明牙體技術所","新北市三重區自強路3段87巷14號","小郭","335dcdaa-fb2a-81d2-908a-f92b7bcbe906","永信牙體技術所","0.350"
"79","241042","華盛技工所","新北市三重區仁愛街435號4樓","matched_update","1.060","1.000","1.000","1.000","華盛牙體技術所","新北市三重區仁愛街435號4樓","Sam","335dcdaa-fb2a-8109-8f39-ef0f4116e9d0","日盛牙體技術所","0.537"
"80","241045","佑辰齒模","新北市三重區文化南路10巷25號4樓","matched_update","1.060","1.000","1.000","1.000","佑辰牙體技術所","新北市三重區文化南路10巷25號4樓","Sam","335dcdaa-fb2a-81d2-8716-cd9956666a14","佑辰牙醫診所","0.640"
"81","241046","精品技研所(統合)","新北市三重區聯華街109號1樓","skipped_review","0.635","0.406","1.000","0.000","精品牙體技術所","新北市三重區聯華街109號1樓","Sam","335dcdaa-fb2a-81db-8715-e99c486ad5a4","水晶寶技研所","0.308"
"82","241054","雅盛牙體技術所","台北市民權東路2段108號4樓(印象牙科樓上)","matched_update","0.960","1.000","1.000","0.000","雅盛牙體技術所","臺北市民權東路2段108號4樓(印象牙科樓上)","Sam","336dcdaa-fb2a-81eb-8625-cf6cd6f7ba90","盛霖牙體技術所","0.350"
"83","241059","首雅牙技所","台北市大安區安和路1段70號3F","matched_update","0.960","1.000","1.000","0.000","首雅牙技所","臺北市大安區安和路1段70號3F","Sam","336dcdaa-fb2a-8164-91bc-c0b6663bbf72","首席牙醫診所","0.413"
"84","241060","信新齒研技工所(吳先生)","新北市三重區正義北路28巷44號","matched_update","0.914","0.920","1.000","0.000","信新齒研牙體技術所","新北市三重區正義北路28巷44號","Sam","336dcdaa-fb2a-8174-bba0-e1d92bc7835f","福信牙醫診所","0.413"
"85","241064","品嘉技工所(羅文全先生)","新北市汐止區秀山路54號","skipped_review","0.362","0.520","0.000","0.000","品嘉牙體技術所","新北市汐止區長江街101之2號1樓","Sam","335dcdaa-fb2a-814c-b3eb-d821f79e3416","品嘉牙醫診所","0.362"
"86","241070","健翔齒研工作坊(陳先生)","新北市三重區仁政街188巷18號1樓","matched_update","0.957","0.995","1.000","0.000","健翔齒研工作坊","新北市三重區仁政街188巷18號1樓","Sam","336dcdaa-fb2a-81d3-8254-dfbb103f6cbe","聯翔齒研中心","0.289"
"87","241077","品安牙體技術所(林先生)","新北市三重區三和路3段107巷31號1樓","matched_update","0.856","0.787","1.000","0.000","品安牙體技術所","新北市三重區三和路三段107巷31號1樓","Sam","335dcdaa-fb2a-811e-bd72-da4892322589","品安牙醫診所","0.516"
"88","241079","遠傳牙醫診所","新北市三重區中正南路139號","matched_update","1.033","1.000","0.920","1.000","遠傳牙醫診所","新北市三重區中正南路139號1、2樓","Sam","335dcdaa-fb2a-8157-b607-e51d16a8d3b3","東傳牙體技術所","0.350"
"89","241080","技匠牙體技術所","新北市三重區雙園街118號","matched_update","1.033","1.000","0.920","1.000","技匠牙體技術所","新北市三重區雙園街118號1樓","Sam","335dcdaa-fb2a-8181-85ba-c49a0d2ba6a8","技匠陶瓷","0.400"
"90","241086","統合數位股份有限公司","新北市三重區重陽路1段113巷1弄37號3F","matched_update","0.960","1.000","1.000","0.000","統合數位股份有限公司","新北市三重區重陽路1段113巷1弄37號3F","Sam","336dcdaa-fb2a-8198-8cc1-e8c9d7d8c4f9","宜世數位牙體技術所","0.350"
"91","241088","雲啟牙體技術所","新北市三重區六張街126巷2弄25號1樓","skipped_review","0.770","0.500","1.000","1.000","雲起牙體技術所","新北市三重區六張街126巷2弄25號1樓","Sam","335dcdaa-fb2a-81da-bc6f-efb0aa893e5c","華雲牙體技術所","0.350"
"92","241089","原聖牙體技術所","新北市三重區忠孝街3段15巷16弄10號5樓","matched_update","0.878","1.000","0.700","0.000","原聖牙體技術所","新北市三重區忠孝路三段15巷16弄10號5樓","Sam","335dcdaa-fb2a-8129-b0c4-ef89f44401b8","聖恩牙醫診所","0.350"
"93","241090","盛景牙體技術所(鈺程)","新北市三重區自強路二段40巷2之1號1樓","skipped_review","0.760","0.620","1.000","0.000","盛景牙體技術所","新北市三重區自強路二段40巷2之1號1樓","Sam","335dcdaa-fb2a-816a-9a68-ca737ee03364","華盛牙體技術所","0.253"
"94","241092","暷溢牙體技術所(邱先生)","新北市三峽區復興路101巷1弄53號","matched_update","0.909","0.787","0.920","1.000","暷溢牙體技術所","新北市三峽區復興路101巷1弄53號1樓","Sam","335dcdaa-fb2a-8113-bae8-ff24075ee50d","邱牙醫診所","0.323"
"95","241094","晶創牙體技術所(李偉新先生)","新北市三重區仁義街241巷2號1樓","skipped_review","0.754","0.520","0.920","1.000","晶創牙體技術所","新北市三重區仁義街241巷2號","Sam","335dcdaa-fb2a-811f-ab66-c398878ead3e","偉新牙醫診所","0.362"
"96","241100","曉燁牙體技術所","新北市三重區力行路二段136巷37號1樓","matched_update","0.980","1.000","1.000","0.000","曉燁牙體技術所","新北市三重區力行路二段136巷37號1樓","Sam","335dcdaa-fb2a-816a-acba-c1ee8f46f60f","全鴻牙醫診所","0.247"
"97","241103","富甫牙體技術所","新北市三重區重陽路四段50號2樓","matched_update","1.060","1.000","1.000","1.000","富甫牙體技術所","新北市三重區重陽路四段50號2樓","Sam","335dcdaa-fb2a-81f6-9ac2-cd757ec085b2","富鴻牙體技術所","0.350"
"98","242001A","新錡技工所(曲先生)","新北市新莊區中原東路58號","matched_update","0.856","0.787","1.000","0.000","新錡牙體技術所","新北市新莊區中原東路58號","Eason","335dcdaa-fb2a-812b-85e1-cb4556f851df","旭新牙醫診所","0.292"
"99","242010","永新技工所(李建毅先生)","新北市新莊區思源路205號3F","skipped_review","0.682","0.520","1.000","0.000","永新牙體技術所","新北市新莊區思源路205號3F","Sam","336dcdaa-fb2a-8100-a0eb-e123341241b2","永新牙體技術所","0.362"
"100","242037","水晶寶技研所(翁文成先生)","新北市中和區中正路17巷18號10樓","matched_update","0.836","0.787","1.000","0.000","水晶寶技研所","新北市中和區中正路17巷18號10樓","Sam","336dcdaa-fb2a-810f-a873-f29c0204dc20","文化牙醫診所","0.352"
"101","242046","益德技工所(翁宗德先生)","新北市五股區成泰路3段68號2F","skipped_review","0.682","0.520","1.000","0.000","益德牙體技術所","新北市五股區成泰路3段68號2F","Sam","336dcdaa-fb2a-8106-9312-e2c659d69790","鑫亞牙體技術所","0.247"
"102","242058","宏明牙醫診所(許醫師)","新北市新莊區西盛街315號1樓","matched_update","0.856","0.787","1.000","0.000","宏明牙醫診所","新北市新莊區西盛街315號1樓","Sam","335dcdaa-fb2a-81eb-ad02-e58b743e945e","冠宏牙體技術所","0.292"
"103","242063","箐群牙體技術所","新北市新莊區化成路764巷17號","matched_update","1.033","1.000","0.920","1.000","箐群牙體技術所","新北市新莊區化成路764巷17號1樓","Sam","335dcdaa-fb2a-81a9-bdd9-d3b03ebc1035","冠群牙體技術所","0.350"
"104","242067","榮和牙醫診所","新北市新莊區中華路一段84號1樓","matched_update","1.033","1.000","0.920","1.000","榮和牙醫診所","新北市新莊區中華路一段84號1樓及夾層、82號1樓及夾層","Sam","335dcdaa-fb2a-817f-b881-ce40cf6cbbb6","平和牙體技術所","0.350"
"105","242072","蔡金來先生","新北市泰山區和平街9號","matched_update","0.960","1.000","1.000","0.000","蔡金來先生","新北市泰山區和平街9號","Sam","336dcdaa-fb2a-8154-b74e-f3ddf94f3901","蔡牙醫診所","0.323"
"106","243004","黃永順","新北市泰山區大科一路301巷2弄95號","matched_update","0.960","1.000","1.000","0.000","黃永順","新北市泰山區大科一路301巷2弄95號","Sam","336dcdaa-fb2a-810e-bcae-d65c8eff0ed7","黃牙醫診所","0.323"
"107","244005","森齒研牙體技術所","新北市林口區中山路532號3樓之10","skipped_review","0.720","1.000","0.000","1.000","森齒研牙體技術所","新北市蘆洲區中山一路284號7樓","Sam","335dcdaa-fb2a-81d4-948c-c71a33577471","微美齒研公司","0.371"
"108","244008","東佑牙醫診所","新北市林口區忠孝路484號","matched_update","1.033","1.000","0.920","1.000","東佑牙醫診所","新北市林口區忠孝路484號1.2.3.4樓","Sam","335dcdaa-fb2a-81b4-a90d-c015a87bc57a","東北牙醫診所","0.537"
"109","247001","逢誠技工所","新北市三重區三民路272巷13號","matched_update","1.040","1.000","1.000","1.000","逢誠牙體技術所","新北市三重區三民路272巷13號","Sam","33cdcdaa-fb2a-8101-8a2f-f0b413270ecf","天誠牙體技術所","0.350"
"110","247014","聯大牙體技術所(蘆洲)","新北市蘆洲區明義街68巷5號1樓","skipped_review","0.738","0.620","0.700","1.000","聯大牙體技術所","新北市蘆洲區民義街68巷5號1樓","Sam","335dcdaa-fb2a-81cc-9790-c317b7848ac8","聯大牙醫診所","0.420"
"111","247017","許新發","新北市蘆洲區民生街50號4樓","matched_update","1.040","1.000","1.000","1.000","許新發","新北市蘆洲區民生街50號4樓","Sam","397dcdaa-fb2a-8181-a9d5-d5d02409137e","新發牙體技術所","0.496"
"112","247018","上揚技工所","台北市重慶北路3段278-2號3樓","matched_update","0.878","1.000","0.700","0.000","上揚牙體技術所","臺北市大同區重慶北路3段278-2號3樓","小郭","335dcdaa-fb2a-81e1-b276-df391d320919","上允企業社","0.393"
"113","247019","弘安齒模技工所","新北市蘆洲區民族路148巷5號1樓","matched_update","0.960","1.000","1.000","0.000","弘安齒模牙體技術所","新北市蘆洲區民族路148巷5號1樓","Sam","336dcdaa-fb2a-81da-9e89-d6e3633dd287","弘安牙醫診所","0.827"
"114","247027","品劼齒科技工所","新北市蘆洲區中山一路282號7F","skipped_review","0.687","0.620","0.550","1.000","品劼牙體技術所","新北市蘆洲區中山一路282號7樓","Sam","335dcdaa-fb2a-81a5-8c01-faad0225169c","森齒研牙體技術所","0.413"
"115","247029","豫品牙體技術有限公司","新北市蘆洲區永安南路2段30巷6號","matched_update","0.960","1.000","1.000","0.000","豫品牙體技術有限公司","新北市蘆洲區永安南路2段30巷6號","Sam","336dcdaa-fb2a-8166-a7a0-e50d199b2ee3","寶喬牙體技術工作室","0.427"
"116","247034","心業牙體技術所","新北市蘆洲區長安街285巷3號7F","matched_update","0.907","1.000","0.550","1.000","心業牙體技術所","新北市蘆洲區長安街285巷3號7樓","Sam","335dcdaa-fb2a-816f-95cc-ed8becc2bbff","蕓心牙醫診所","0.350"
"117","247038","新達牙體技術所","新北市蘆洲區永安南路2段94號","matched_update","1.033","1.000","0.920","1.000","新達牙體技術所","新北市蘆洲區永安南路二段94號1樓","Sam","335dcdaa-fb2a-8158-9fd0-e45ccc211e68","旭新牙醫診所","0.350"
"118","247040","興鴻牙體技術所","新北市蘆洲區環堤大道176號1樓","matched_update","0.980","1.000","1.000","0.000","興鴻牙體技術所","新北市蘆洲區環堤大道176號1樓","Sam","335dcdaa-fb2a-81ec-9235-cf27df9720fd","龍興牙體技術所","0.350"
"119","251010","榮興牙體技術所(李家文先生)","新北市淡水區北新路72號2樓","skipped_review","0.702","0.520","1.000","0.000","榮興牙體技術所","新北市淡水區北新路72號2樓","Sam","335dcdaa-fb2a-81c1-b9ef-ca80e5b7ebda","成泰數位牙體技術所","0.247"
"120","260001","德藝牙體技術所","宜蘭市中山路2段179巷30號","matched_update","1.033","1.000","0.920","1.000","德藝牙體技術所","宜蘭縣宜蘭市中山路二段179巷30號1樓、2樓","Sam","335dcdaa-fb2a-8136-a453-e5465f1597db","德藝牙醫診所","0.640"
"121","260029","揚明齒技工所","宜蘭縣宜蘭市自強新路2號","matched_update","0.829","0.787","0.920","0.000","揚明牙體技術所","宜蘭縣宜蘭市自強新路2號3樓","Sam","335dcdaa-fb2a-81a0-874f-f96416656f2d","耀明牙體技術所","0.292"
"122","260030","林小茂","宜蘭縣宜蘭市舊城南路4巷28號","matched_update","0.960","1.000","1.000","0.000","林小茂","宜蘭縣宜蘭市舊城南路4巷28號","Sam","336dcdaa-fb2a-8174-80ea-e034810b2995","茂恩牙體技術所","0.685"
"123","261001","億祥技工所","宜蘭縣頭城鎮青雲路2段321號","matched_update","1.040","1.000","1.000","1.000","億祥牙體技術所","宜蘭縣頭城鎮青雲路2段321號","Sam","33cdcdaa-fb2a-81d8-ac94-ed2154d9ce9b","宏祥牙體技術所","0.350"
"124","262003","永固牙體技術所","宜蘭縣礁溪鄉龍泉路250號","matched_update","0.980","1.000","1.000","0.000","永固牙體技術所","宜蘭縣礁溪鄉龍泉路250號","Sam","335dcdaa-fb2a-8180-9e61-cb13e4c338d5","永安牙醫診所","0.350"
"125","264004","宏祥技工所","宜蘭縣員山鄉惠深一路41號","matched_update","1.060","1.000","1.000","1.000","宏祥牙體技術所","宜蘭縣員山鄉惠深一路41號","PAUL","335dcdaa-fb2a-8152-93e6-c61f50376164","瑞祥牙醫診所","0.350"
"126","264006","牙藝陶齒研製工作室","宜蘭縣員山鄉頭份村6鄰44號之6","matched_update","0.960","1.000","1.000","0.000","牙藝陶齒研製工作室","宜蘭縣員山鄉頭份村6鄰44號之6","Sam","336dcdaa-fb2a-8117-9853-f9cc24cec588","華勝齒科研製所","0.308"
"127","264010","陳文在先生","宜蘭縣員山鄉永和村中和路22號","matched_update","0.960","1.000","1.000","0.000","陳文在先生","宜蘭縣員山鄉永和村中和路22號","Sam","336dcdaa-fb2a-8146-a4e7-d3def2ed333c","陳先生","0.303"
"128","268003","鴻文牙體技術所","宜蘭縣五結鄉國民南路6-2號","skipped_review","0.720","1.000","0.000","1.000","鴻文牙體技術所","宜蘭縣五結鄉五結村國民南路6之2號","Sam","335dcdaa-fb2a-8106-9c0d-e6b19fa355d9","鴻文牙醫診所","0.350"
"129","300002","永旭牙體技術所(飛皇)","新竹市北區竹光路78巷11弄2號","skipped_review","0.500","0.620","0.000","1.000","永旭牙體技術所","新竹市北區文雅里竹光路78巷11弄2號1樓","Sam","335dcdaa-fb2a-8176-9c5b-dfb99533f262","峰皇牙醫診所","0.253"
"130","300005","喬恩牙體技術所","新竹市光復路1段531巷76之1號","skipped_review","0.640","1.000","0.000","0.000","喬恩牙體技術所","新竹市東區仙水里光復路一段531巷72之2號1樓","Sam","335dcdaa-fb2a-8142-96be-c50d3fbd529d","慈恩牙體技術所","0.350"
"131","300025","非凡技工所","新竹市東大路2段198號3樓","matched_update","0.958","1.000","0.700","1.000","非凡牙體技術所","新竹市北區東大路二段198號3樓","小郭","335dcdaa-fb2a-8127-aeee-ede85c9a684a","非凡牙醫診所","0.350"
"132","300033","宏月技工所","新竹市東南街143巷52號","matched_update","0.958","1.000","0.700","1.000","宏月牙體技術所","新竹市東區東南街143巷52號","小郭","335dcdaa-fb2a-812d-b223-d97a678b309f","宏昌牙醫診所","0.350"
"133","300054","慶昇牙體技術所","新竹市明湖路213巷23弄8之1號","skipped_review","0.720","1.000","0.000","1.000","慶昇牙體技術所","新竹市東區新光里明湖路213巷23弄8-1號2樓","Sam","335dcdaa-fb2a-81db-b69f-e4caf880f170","傑聖牙體技術所","0.380"
"134","300059","協和牙體技術所","新竹市延平路1段23巷7號","matched_update","0.938","1.000","0.700","1.000","協和牙體技術所","新竹市北區延平路1段23巷7號","Sam","397dcdaa-fb2a-8142-bcc9-f8c9df169123","和美牙體技術所","0.517"
"135","300060","陳先生(桃園)","桃園市長春路35號6樓之6","skipped_review","0.541","0.453","0.700","0.000","陳先生","桃園市桃園區長春路35號6樓之6","Sam","336dcdaa-fb2a-8192-b003-c2013552702b","桃園一日誠臻牙醫診所","0.318"
"136","300067","立新牙體技術所","新竹市延平路1段317巷83弄11號","matched_update","0.938","1.000","0.700","1.000","立新牙體技術所","新竹市北區延平路1段317巷83弄11號","Sam","397dcdaa-fb2a-815f-a3d2-e4e5bf65aae8","新研牙體技術所","0.350"
"137","302017","雅德思牙醫診所","新竹縣竹北市莊敬南路162號","skipped_review","0.771","0.549","0.920","1.000","雅德思植牙美學牙醫診所","新竹縣竹北市莊敬南路162號1樓及2樓","Sam","335dcdaa-fb2a-818b-b7d1-f177096ba699","雅德思牙醫診所","0.350"
"138","303007","永成技工所(張永堂先生)","新竹縣湖口鄉中正路1段263巷6弄11號","skipped_review","0.682","0.520","1.000","0.000","永成牙體技術所","新竹縣湖口鄉中正路1段263巷6弄11號","Sam","336dcdaa-fb2a-8159-9668-ecb1424750a8","昇陽牙醫診所","0.247"
"139","303008","金順牙體技術所(張先生)","新竹縣湖口鄉八德路1段366巷26號","matched_update","0.836","0.787","1.000","0.000","金順牙體技術所","新竹縣湖口鄉八德路1段366巷26號","Sam","336dcdaa-fb2a-8184-ba84-c8bccc3c4ef6","天主教仁慈醫療財團法人仁慈醫院","0.060"
"140","303010","豪成科技股份有限公司","新竹縣湖口鄉新竹工業區工業五路1號","matched_update","0.960","1.000","1.000","0.000","豪成科技股份有限公司","新竹縣湖口鄉新竹工業區工業五路1號","Sam","336dcdaa-fb2a-814e-88af-ce116c6bc6dc","豪成牙體技術所","0.420"
"141","304003","施皓瀚","新竹縣新豐鄉民安街62號6樓","matched_update","0.960","1.000","1.000","0.000","施皓瀚","新竹縣新豐鄉民安街62號6樓","Sam","336dcdaa-fb2a-8183-8e73-c5b4891aa5a3","皓品牙醫診所","0.292"
"142","305005","牙德齒模技工所","新竹縣新埔鎮田新里9鄰信義二街29巷5號","matched_update","1.060","1.000","1.000","1.000","牙德牙體技術所","新竹縣新埔鎮田新里9鄰信義二街29巷5號","小郭","335dcdaa-fb2a-8189-9b4c-f44c8ca0014d","樹德牙醫診所","0.350"
"143","308001","吳培任先生","新竹市寶山鄉大崎村愛迪生路23巷7號","matched_update","0.960","1.000","1.000","0.000","吳培任先生","新竹市寶山鄉大崎村愛迪生路23巷7號","Sam","336dcdaa-fb2a-8107-b063-d6469b66ed50","吳慧琳牙醫診所","0.253"
"144","310003","合春技工所","新竹縣竹東鎮金福街3巷1號","matched_update","0.960","1.000","1.000","0.000","合春牙體技術所","新竹縣竹東鎮金福街3巷1號","Sam","336dcdaa-fb2a-81f8-b93b-f6ee51bda7c0","長春牙醫診所","0.350"
"145","320002","正典技工所","桃園市平鎮區建明路1段269巷2弄2號","matched_update","1.060","1.000","1.000","1.000","正典牙體技術所","桃園市平鎮區建明路1段269巷2弄2號","小郭","335dcdaa-fb2a-81dd-9550-e838b854071d","正大牙醫診所","0.350"
"146","320005","信安牙體技術所(中壢)","桃園市中壢區松平路228巷8號","matched_update","0.812","0.620","0.920","1.000","信安牙體技術所","桃園市中壢區松平路228巷8號1樓","Sam","335dcdaa-fb2a-81e4-b1b1-f5a624b13c8b","信安牙醫診所","0.420"
"147","320008","廖永楷牙醫診所","桃園市中壢區廣明路119號","matched_update","1.033","1.000","0.920","1.000","廖永楷牙醫診所","桃園市中壢區廣明路119號1樓","Sam","335dcdaa-fb2a-816e-812e-e2d75b34fcde","國華牙材","0.353"
"148","320012","啟鈺技工所","桃園市中壢區新生路三段381號
桃園市中壢區新生路三段381號
桃園市中壢區新生路三段381號
桃園市中壢區新生路三段381號","matched_update","0.827","1.000","0.550","0.000","啟鈺牙體技術所","桃園市中壢區新生路三段381號1樓","Sam","335dcdaa-fb2a-81d1-a7b6-e1d3d5252100","國華牙材","0.353"
"149","320015","上品杏林牙醫診所","桃園縣中壢市民族路41號(星期二.四下午送貨)","matched_update","0.827","1.000","0.550","0.000","上品杏林牙醫診所","桃園市中壢區民族路41號1至2樓","Sam","335dcdaa-fb2a-8190-a220-ceb8f9a3c58f","上林牙醫診所","0.447"
"150","320019","格拉斯牙體技術所","桃園市桃園區復興路180號6樓E室","matched_update","1.040","1.000","1.000","1.000","格拉斯牙體技術所","桃園市桃園區復興路180號6樓E室","Sam","33cdcdaa-fb2a-8148-81b8-c53e5100fcc0","上格牙體技術所","0.292"
"151","320020","麗雅牙體技術所","桃園市中壢區龍昌路216巷1號","matched_update","0.960","1.000","1.000","0.000","麗雅牙體技術所","桃園市中壢區龍昌路216巷1號","Sam","336dcdaa-fb2a-81b6-867c-c281849ff8d5","國華牙材","0.353"
"152","320021","永毅牙體技術所(蔡先生)","桃園市中壢區中華路2段288之2號3F","matched_update","0.836","0.787","1.000","0.000","永毅牙體技術所","桃園市中壢區中華路2段288之2號3F","Sam","336dcdaa-fb2a-81f6-bd87-f42352c2c158","國華牙材","0.353"
"153","320023","宋雲徵醫師","桃園市中壢區元化路64號","matched_update","0.960","1.000","1.000","0.000","宋雲徵醫師","桃園市中壢區元化路64號","Sam","336dcdaa-fb2a-8133-9daf-e3def987689e","精英牙醫診所","0.453"
"154","320024","維思登牙醫診所","桃園市中壢區高鐵站前西路1段206號","matched_update","1.033","1.000","0.920","1.000","維思登牙醫診所","桃園市中壢區高鐵站前西路1段206號1樓及2樓","Sam","335dcdaa-fb2a-8199-a4a9-ea8236f30507","國華牙材","0.353"
"155","320027","天成醫院","桃園市中壢區民權路175號","skipped_review","0.640","1.000","0.000","0.000","天成醫院","桃園市楊梅區中山北路一段三五六號","Sam","335dcdaa-fb2a-819d-b4c1-efeaebf28716","國華牙材","0.353"
"156","320028","新當代牙醫診所","桃園市中壢區民權路175號","matched_update","0.907","1.000","0.550","1.000","新當代牙醫診所","桃園市中壢區民權路175、177號1-2樓","Sam","335dcdaa-fb2a-816c-957e-f31e9c397a90","當代牙醫診所","0.516"
"157","320029","翔隆齒研牙體技術所","桃園市中壢區榮民南路578巷98弄8號","matched_update","1.033","1.000","0.920","1.000","翔隆齒研牙體技術所","桃園市中壢區榮民南路578巷98弄8號4樓","Sam","335dcdaa-fb2a-81c2-9312-c968158c44ea","國華牙材","0.353"
"158","320032","精英牙醫診所","桃園市中壢區元化路64號","matched_update","1.033","1.000","0.920","1.000","精英牙醫診所","桃園市中壢區元化路64號1樓及2樓","Sam","335dcdaa-fb2a-817f-8a35-f0076248eda5","宋雲徵醫師","0.380"
"159","320033","澄品牙醫診所","桃園市中壢區慈惠三街119號","matched_update","1.033","1.000","0.920","1.000","澄品牙醫診所","桃園市中壢區慈惠三街119號1-2樓","Sam","335dcdaa-fb2a-8108-ba06-c082fe830bf6","元化澄品牙醫診所","0.420"
"160","320034","澄心牙醫診所","桃園市中壢區環中東路29號","matched_update","0.907","1.000","0.550","1.000","澄心牙醫診所","桃園市中壢區環中東路291號1樓","Sam","335dcdaa-fb2a-8136-9bbf-eab9dd2c5b7d","國華牙材","0.353"
"161","320037","曜澄技工所","桃園市中壢區龍岡路三段243巷73弄1號","matched_update","0.980","1.000","1.000","0.000","曜澄牙體技術所","桃園市中壢區龍岡路三段243巷73弄1號","小郭","335dcdaa-fb2a-81f9-819d-df42252f375c","國華牙材","0.353"
"162","320040","格林牙醫診所","桃園市中壢區慈惠三街130號","matched_update","1.033","1.000","0.920","1.000","格林牙醫診所","桃園市中壢區慈惠三街130號1-2樓","Sam","335dcdaa-fb2a-81f2-a8d6-d2ae05434407","國華牙材","0.353"
"163","324003","富川技工所","桃園市平鎮區龍安路6巷6號","matched_update","1.040","1.000","1.000","1.000","富川牙體技術所","桃園市平鎮區龍安路6巷6號","Sam","33cdcdaa-fb2a-81a2-b861-df2122410da6","富育牙體技術所","0.350"
"164","324006","新光牙體技術所(陳先生)","桃園市中壢區大圳路2段193巷68號","matched_update","0.836","0.787","1.000","0.000","新光牙體技術所","桃園市中壢區大圳路2段193巷68號","Sam","336dcdaa-fb2a-8136-aa55-f0271b834393","睿騏牙體技術所","0.453"
"165","324007","中壢技工所","桃園市平鎮區金陵路2段81巷22號","matched_update","0.960","1.000","1.000","0.000","中壢牙體技術所","桃園市平鎮區金陵路2段81巷22號","Sam","336dcdaa-fb2a-8162-8eaa-d4b0693069cb","中壢雲天牙醫診所","0.420"
"166","324009","名揚技工所(陳貴宗先生)","桃園縣平鎮市福林里5鄰39號","skipped_review","0.580","0.520","0.700","0.000","名揚牙體技術所","桃園市平鎮區福林里5鄰39號","Sam","336dcdaa-fb2a-814f-9988-f7e04b44ef68","名揚牙醫診所","0.362"
"167","324011","巨昌精密陶齒製作中心","桃園市平鎮區德育路2段366號","matched_update","0.960","1.000","1.000","0.000","巨昌精密陶齒製作中心","桃園市平鎮區德育路2段366號","Sam","336dcdaa-fb2a-81ca-b342-ea06b5c71b88","巨昌牙體技術所","0.638"
"168","324012","金星技工所","桃園市平鎮區南安路65號","matched_update","1.040","1.000","1.000","1.000","金星牙體技術所","桃園市平鎮區南安路65號","Sam","33cdcdaa-fb2a-8109-bd62-c8b73846a0ea","金彧牙體技術所","0.350"
"169","324014","佳美精密陶齒工作室","桃園市平鎮市文化街236巷7弄11號","matched_update","0.858","1.000","0.700","0.000","佳美精密陶齒工作室","桃園市平鎮區文化街236巷7弄11號","Sam","336dcdaa-fb2a-81a2-8b1e-eb902cf8e687","佳美牙體技術所","0.590"
"170","324015","信成技工所","桃園市平鎮區湧光路292巷3號","matched_update","1.033","1.000","0.920","1.000","信成牙體技術所","桃園市平鎮區湧光路292巷3號2樓","Sam","335dcdaa-fb2a-8143-b411-f97272967dc4","信安牙體技術所","0.350"
"171","324016","正一牙科齒模工作室(盧永森先生)","桃園市平鎮區天津街150巷28弄7號","matched_update","0.781","0.691","1.000","0.000","正一牙科齒模工作室","桃園市平鎮區天津街150巷28弄7號","Sam","336dcdaa-fb2a-811a-9588-cc83746007ca","齡雅牙科牙醫診所","0.271"
"172","324018","捷安技工所(傅穗舟先生)","桃園縣平鎮市東豐路528巷1弄12號","skipped_review","0.580","0.520","0.700","0.000","捷安牙體技術所","桃園市平鎮區東豐路528巷1弄12號","Sam","336dcdaa-fb2a-81a7-8715-fc63d93d2173","傅牙醫診所","0.246"
"173","324019","科藝數位牙體美學中心(劉先生)","桃園市平鎮區廣達街87巷15弄1號","matched_update","0.977","1.029","1.000","0.000","科藝數位牙體美學中心","桃園市平鎮區廣達街87巷15弄1號","Sam","336dcdaa-fb2a-81af-ab48-fe247fb56066","福安牙科牙體技術中心","0.316"
"174","324020","裕鑫牙體技術所","桃園市平鎮區復興街25號","matched_update","0.953","1.000","0.920","0.000","裕鑫牙體技術所","桃園市平鎮區復興街25號1樓","Sam","335dcdaa-fb2a-81d5-bf1b-db62301b161c","鑫隆牙體技術所","0.350"
"175","324022","睿騏牙體技術所","桃園市中壢區大圳路2段193巷68號","matched_update","0.953","1.000","0.920","0.000","睿騏牙體技術所","桃園市中壢區大圳路2段193巷68號1樓","Sam","335dcdaa-fb2a-8154-870d-df701fe0af8c","新光牙體技術所","0.380"
"176","324024","潔明牙醫診所","桃園市平鎮區和平路33號","matched_update","1.060","1.000","1.000","1.000","潔明牙醫診所","桃園市平鎮區和平路33號","小郭","335dcdaa-fb2a-8155-a70a-c80af12e70ae","潔明牙體技術所","0.620"
"177","324025","嚼品牙體技術所(吳先生)","桃園市平鎮區振興西路40號1樓","matched_update","0.836","0.787","1.000","0.000","嚼品牙體技術所","桃園市平鎮區振興西路40號1樓","Sam","336dcdaa-fb2a-8184-a9ae-f1a68ffc0a18","澄品牙醫診所","0.292"
"178","324027","辰新數位齒研中心","桃園市平鎮區育達路2段98號","matched_update","0.960","1.000","1.000","0.000","辰新數位齒研中心","桃園市平鎮區育達路2段98號","Sam","336dcdaa-fb2a-8103-b26c-edb9bfdc195b","杏美齒研科技中心","0.330"
"179","325007","若思威牙體技術所","桃園市龍潭區中興路63巷14弄1街4號","matched_update","0.953","1.000","0.920","0.000","若思威牙體技術所","桃園市龍潭區中興路63巷14弄1街4號1樓","Sam","335dcdaa-fb2a-81a2-a51e-d22eca298ad4","吉思牙醫診所","0.292"
"180","326002","翰齡技工所(葉先生)","桃園市楊梅區梅獅路2段151號2樓","matched_update","0.836","0.787","1.000","0.000","翰齡牙體技術所","桃園市楊梅區梅獅路2段151號2樓","Sam","336dcdaa-fb2a-8175-ae18-ecad4a2a8182","翰齡牙體技術所","0.596"
"181","326004","兆亨牙體技術所","桃園市中壢區中山東路二段556號","matched_update","0.953","1.000","0.920","0.000","兆亨牙體技術所","桃園市中壢區中山東路二段556號2樓","Sam","335dcdaa-fb2a-81e4-ab6b-c00bbd7fde54","百亨牙體技術所","0.430"
"182","326007","台豐技工所","桃園市楊梅區裕成路158巷13號","matched_update","0.953","1.000","0.920","0.000","台豐牙體技術所","桃園市楊梅區裕成路158巷13號1樓","Sam","335dcdaa-fb2a-8111-93c7-e157096b2442","永豐牙體技術所","0.350"
"183","326014","百亨牙體技術所","桃園市楊梅區青山五街10巷11號","matched_update","1.033","1.000","0.920","1.000","百亨牙體技術所","桃園市楊梅區青山五街10巷11號1樓","Sam","335dcdaa-fb2a-8181-b893-c8cbb8a10c0d","兆亨牙體技術所","0.350"
"184","328002","仁和牙科技工所","桃園縣觀音鄉崙坪村忠愛路3段230號","skipped_review","0.638","0.620","0.700","0.000","仁和牙科牙體技術所","桃園市觀音區崙坪里忠愛路3段230號","Sam","336dcdaa-fb2a-8191-8302-e1e8bcf6f513","仁和牙醫診所","0.350"
"185","328004","鴻興牙體技術所","桃園市觀音區中正路293巷2號","matched_update","1.040","1.000","1.000","1.000","鴻興牙體技術所","桃園市觀音區中正路293巷2號","Sam","397dcdaa-fb2a-8146-84cc-db50821b6de5","興安牙醫診所","0.350"
"186","330001","新生牙體技術所","桃園市八德區豐成街58號","matched_update","0.953","1.000","0.920","0.000","新生牙體技術所","桃園市八德區豐成街58號4樓","Sam","335dcdaa-fb2a-8182-a508-de1319873044","新生牙醫診所","0.640"
"187","330002","康瓷美牙體技術所","桃園市南平路468號2樓","matched_update","0.827","1.000","0.550","0.000","康瓷美牙體技術所","桃園市桃園區南平路468號3樓","Sam","335dcdaa-fb2a-81c9-aedb-caeb20e0e441","康潔美牙醫診所","0.447"
"188","330004","軒笠技工所","桃園市三和街53巷3之3號(按5樓電鈴)","matched_update","0.938","1.000","0.700","1.000","軒笠牙體技術所","桃園市桃園區三和街53巷3之3號(按5樓電鈴)","Sam","33cdcdaa-fb2a-811c-95a8-eef209474804","樂軒牙醫診所","0.350"
"189","330005","永新技工所(桃園)","桃園市樹林四街97巷2之1號1樓","skipped_review","0.638","0.620","0.700","0.000","永新牙體技術所","桃園市桃園區樹林四街97巷2之1號1樓","Sam","336dcdaa-fb2a-8163-add6-c2f944cef320","桃園一日誠臻牙醫診所","0.292"
"190","330006","大安技工所","桃園市泰山街47巷24號","matched_update","0.938","1.000","0.700","1.000","大安牙體技術所","桃園市桃園區泰山街47巷24號","","33cdcdaa-fb2a-815c-9b6d-cf6440c97e79","大安牙醫診所","0.640"
"191","330007","源昇技工所","桃園市昆明路138巷30號","matched_update","0.958","1.000","0.700","1.000","源昇牙體技術所","桃園市桃園區昆明路138巷30號","小郭","335dcdaa-fb2a-815d-96ac-cfd87fd781e6","昇璜牙體技術所","0.350"
"192","330008","精美技工所","桃園市永安北路445巷1號","matched_update","0.858","1.000","0.700","0.000","精美技工所","桃園市桃園區永安北路445巷1號","","396dcdaa-fb2a-806f-86aa-f9209a052b09","臻美牙醫診所","0.537"
"193","330010","佳仁技工所","桃園市民生路153之1號2樓","matched_update","0.938","1.000","0.700","1.000","佳仁牙體技術所","桃園市桃園區民生路153之1號2樓","Sam","33cdcdaa-fb2a-81e4-bd5d-c9e5bea1ca2c","佳立牙體技術所","0.350"
"194","330012","名流陶齒技術中心","桃園市介壽路310號7樓之2","matched_update","0.858","1.000","0.700","0.000","名流陶齒技術中心","桃園市桃園區介壽路310號7樓之2","Sam","336dcdaa-fb2a-810b-a429-c6b0828a409f","名流牙體技術所","0.593"
"195","330013","祥展牙體技術所(建泰)","桃園市春日路302號","skipped_review","0.587","0.620","0.550","0.000","祥展牙體技術所","桃園市桃園區春日路302號","Sam","336dcdaa-fb2a-81d5-903f-c8e54112c40f","弘泰牙體技術所","0.253"
"196","330014","藝品技工所","桃園市昆明路138巷28號","matched_update","0.938","1.000","0.700","1.000","藝品牙體技術所","桃園市桃園區昆明路138巷28號","Sam","33cdcdaa-fb2a-81f8-b036-f38b7c43f73a","藝品牙醫診所","0.640"
"197","330015","昶勝牙體技術所(金典)","桃園市大明街55號","skipped_review","0.687","0.620","0.550","1.000","昶勝牙體技術所","桃園市桃園區大明街55號1樓","Sam","335dcdaa-fb2a-819a-8f5e-d6d7731509ca","昶勝牙體技術所","0.587"
"198","330016","源聚技工所","桃園市大溪區中華路394號","matched_update","1.040","1.000","1.000","1.000","源聚牙體技術所","桃園市大溪區中華路394號","Sam","33cdcdaa-fb2a-81ee-bf42-de2fdb175b6e","源昇牙體技術所","0.350"
"199","330020","晟生技工所","桃園市龜山區明興街114巷13弄2號1樓","matched_update","1.060","1.000","1.000","1.000","晟生牙體技術所","桃園市龜山區明興街114巷13弄2號1樓","小郭","335dcdaa-fb2a-8117-a785-fa2084a1e13c","新生牙體技術所","0.350"
"200","330022","正鈺技工所","桃園市國強二街221號10樓","matched_update","0.938","1.000","0.700","1.000","正鈺牙體技術所","桃園市桃園區國強二街221號10樓","Sam","33cdcdaa-fb2a-8191-a57e-f40bcfcf266b","啟鈺牙體技術所","0.350"
"201","330025","廣益牙體技術所","桃園市龍泉一街91號2F","matched_update","0.907","1.000","0.550","1.000","廣益牙體技術所","桃園市桃園區龍泉一街91號2樓","Sam","335dcdaa-fb2a-8195-8839-ec1752d57082","廣福牙體技術所","0.350"
"202","330027","周絜萍小姐","桃園市永安路423巷13號3樓","matched_update","0.858","1.000","0.700","0.000","周絜萍小姐","桃園市桃園區永安路423巷13號3樓","Sam","336dcdaa-fb2a-8128-afdf-cc90a06a69da","周道牙醫診所","0.292"
"203","330028","民富技工所","桃園市民富二街68號7樓","matched_update","0.958","1.000","0.700","1.000","民富牙體技術所","桃園市桃園區民富二街68號7樓","小郭","335dcdaa-fb2a-8189-bf0a-ccaba18074a6","惠民牙體技術所","0.350"
"204","330033","精工牙體技術所(劉先生)","桃園市興一街53號","skipped_review","0.683","0.787","0.550","0.000","精工牙體技術所","桃園市桃園區興一街53號","Sam","336dcdaa-fb2a-81a1-b751-f4ff897328e9","精品牙醫診所","0.292"
"205","330035","鴻冠科技股份有限公司","桃園市玉山街214號","matched_update","0.807","1.000","0.550","0.000","鴻冠科技股份有限公司","桃園市桃園區玉山街214號","Sam","336dcdaa-fb2a-8186-bca1-fd75e1f5e06c","榮樺科技股份有限公司","0.330"
"206","330045","眾心生物科技股份有限公司","桃園市慈文路59號1樓","matched_update","0.858","1.000","0.700","0.000","眾心生物科技股份有限公司","桃園市桃園區慈文路59號1樓","Sam","336dcdaa-fb2a-81ae-a1fd-ef70e7082f6e","光弘生醫科技股份有限公司","0.330"
"207","330047","保時潔技工所","桃園市德壽二街3號","matched_update","0.827","1.000","0.550","0.000","保時潔牙體技術所","桃園市桃園區德壽二街3號","小郭","335dcdaa-fb2a-81d1-9467-e244903d7c3e","時年牙體技術所","0.292"
"208","330050","惠民牙體技術所","桃園市上海路42號","matched_update","0.907","1.000","0.550","1.000","惠民牙體技術所","桃園市桃園區上海路42號1樓","Sam","335dcdaa-fb2a-8152-a8a6-f4591df27f41","惠民牙醫診所","0.640"
"209","330051","劉名翔先生","桃園市秀山路118號1樓","matched_update","0.858","1.000","0.700","0.000","劉名翔先生","桃園市桃園區秀山路118號1樓","Sam","336dcdaa-fb2a-81e9-8bd8-c2b6fa58801b","名流牙體技術所","0.292"
"210","330052","禾康技工所","桃園市同安街406號7F","matched_update","0.958","1.000","0.700","1.000","禾康牙體技術所","桃園市桃園區同安街406號7F","小郭","335dcdaa-fb2a-81a8-a0ef-ffe1f4dfd012","禾康牙醫診所","0.640"
"211","330053","美瓷牙體技術所(璩先生)","桃園市莊敬路1段371號14F之2","matched_update","0.783","0.787","0.550","1.000","美瓷牙體技術所","桃園市桃園區莊敬路1段371號14樓之2","Sam","335dcdaa-fb2a-81be-b7c7-f879dc74db11","信美牙體技術所","0.292"
"212","330054","林仲豪先生","桃園市大業路2段252號","matched_update","0.938","1.000","0.700","1.000","林仲豪先生","桃園市桃園區大業路2段252號","Sam","397dcdaa-fb2a-81f5-b61b-e52dbd465bc8","上林牙醫診所","0.292"
"213","330055","浩新牙體技術所(蕭先生)","桃園市青田街161號1樓","skipped_review","0.754","0.787","0.700","0.000","浩新牙體技術所","桃園市桃園區青田街161號1樓","Sam","336dcdaa-fb2a-81a8-8f54-fb2816c34e98","浩新牙體技術所","0.516"
"214","330056","風采矯正牙醫診所","桃園市中山路888號","skipped_review","0.430","0.500","0.000","1.000","風采美學牙醫診所","桃園市桃園區中正路888號1樓、2樓及890號2樓","Sam","335dcdaa-fb2a-813a-af4a-dc5971424e26","正典牙體技術所","0.253"
"215","330057","蔡比比先生","桃園市桃園區三民路1段57-2號9樓","matched_update","0.960","1.000","1.000","0.000","蔡比比先生","桃園市桃園區三民路1段57-2號9樓","Sam","336dcdaa-fb2a-81e7-858d-f8f417257d27","新悅牙醫診所","0.247"
"216","330058","吉登牙體技術所","桃園市鎮一街20號1樓","matched_update","0.938","1.000","0.700","1.000","吉登牙體技術所","桃園市桃園區鎮一街20號1樓","Sam","33cdcdaa-fb2a-8129-b25e-f6a0863ffca5","長谷吉登牙體技術所","0.400"
"217","330060","長谷吉登牙體技術所","桃園市大溪區仁和路2段517巷115弄2號","matched_update","0.960","1.000","1.000","0.000","長谷吉登牙體技術所","桃園市大溪區仁和路2段517巷115弄2號","Sam","336dcdaa-fb2a-81a7-9952-e1bc6d08b4fe","吉登牙體技術所","0.480"
"218","330063","優耐特牙體技術所","桃園市桃園區中山路1000號3樓之2","skipped_review","0.410","1.000","0.000","1.000","優耐特牙體技術所","","Sam","397dcdaa-fb2a-8179-ad64-cdf9ac38e154","優耐特牙體技術所","0.350"
"219","330065","詮鈦牙醫診所","桃園市桃園區春日路860號","skipped_review","0.720","1.000","0.000","1.000","詮鈦牙醫診所","桃園市桃園區正光路366號1樓及368號1樓","Sam","335dcdaa-fb2a-81fe-9eca-d1efc1e68a99","桔蒔美學牙醫診所","0.373"
"220","330067","上上精密義齒研究中心","桃園市桃園區富國路646巷6弄52號","matched_update","0.960","1.000","1.000","0.000","上上精密義齒研究中心","桃園市桃園區富國路646巷6弄52號","Sam","336dcdaa-fb2a-81c7-8828-ef3d7972f0c9","徐郁強先生","0.380"
"221","330068","良鑫牙體技術所","桃園市桃園區建國路123巷8號
桃園市桃園區建國路123巷8號","matched_update","0.907","1.000","0.550","1.000","良鑫牙體技術所","桃園市桃園區建國路123巷8號1樓","Sam","335dcdaa-fb2a-8111-a8f0-c199243329ff","良昇牙醫診所","0.537"
"222","330069","京鼎牙醫診所(瑞安)","桃園市桃園區新埔六街87號","skipped_review","0.760","0.620","1.000","0.000","京鼎牙醫診所","桃園市桃園區新埔六街87號","Sam","335dcdaa-fb2a-8128-a004-ea3ecf6ac464","信安牙體技術所","0.253"
"223","330077","樂亞牙體技術所","桃園市桃園區正光路423號12F之3","matched_update","0.840","0.620","1.000","1.000","樂亞數位牙體技術所","桃園市桃園區正光路423號12F之3","","335dcdaa-fb2a-8178-917e-f637bc32cefd","雲樂牙體技術所","0.350"
"224","330078","周道牙醫診所","桃園市桃園區中正路428號","matched_update","1.033","1.000","0.920","1.000","周道牙醫診所","桃園市桃園區中正路428號1、2樓","Sam","335dcdaa-fb2a-8176-b8aa-c8878f45120a","周牙醫診所","0.317"
"225","330080","銓鈦牙醫診所","桃園市桃園區春日路860號1樓","skipped_review","0.430","0.500","0.000","1.000","詮鈦牙醫診所","桃園市桃園區正光路366號1樓及368號1樓","Sam","335dcdaa-fb2a-81fe-9eca-d1efc1e68a99","桔蒔美學牙醫診所","0.373"
"226","330084","鷺野牙體技術所","桃園市南平路181巷19號5樓","matched_update","0.858","1.000","0.700","0.000","鷺野牙體技術所","桃園市桃園區南平路181巷19號5樓","Sam","336dcdaa-fb2a-81a9-987d-dbe0527a934f","星野牙醫診所","0.350"
"227","330087","凱弘牙體技術所","桃園市平鎮區正義路81巷2弄10號","matched_update","1.033","1.000","0.920","1.000","凱弘牙體技術所","桃園市平鎮區正義路81巷2弄10號1樓","Sam","335dcdaa-fb2a-811d-825e-f869c69cc8b3","弘泰牙體技術所","0.350"
"228","330088","藝圻牙體技術所","","skipped_review","0.640","1.000","0.000","0.000","藝圻牙體技術所","桃園市八德區介壽路2段325巷37號1樓","Sam","335dcdaa-fb2a-813f-8cde-f65c7a2b65fd","欣藝牙醫診所","0.350"
"229","330089","熱河牙體技術所","桃園市桃園區大興西路二段112巷13號1樓","matched_update","0.980","1.000","1.000","0.000","熱河牙體技術所","桃園市桃園區大興西路二段112巷13號1樓","Sam","335dcdaa-fb2a-81c5-b329-e286896a77d0","藝文完美牙醫診所","0.247"
"230","333002","鴻元技工所","桃園市大業路2段252號","matched_update","0.938","1.000","0.700","1.000","鴻元牙體技術所","桃園市桃園區大業路2段252號","Sam","33cdcdaa-fb2a-8130-bbae-eee71e610999","明元牙體技術所","0.350"
"231","333009","富禾牙體技術所","桃園市龜山區興一街48巷6號","matched_update","1.040","1.000","1.000","1.000","富禾牙體技術所","桃園市龜山區興一街48巷6號","Sam","33cdcdaa-fb2a-81f4-8f82-d825ceed1eee","富育牙體技術所","0.350"
"232","333019","高登牙體技術所","桃園市龜山區文化二路28-1號7樓","matched_update","1.060","1.000","1.000","1.000","高登牙體技術所","桃園市龜山區文化二路28-1號7樓","Sam","335dcdaa-fb2a-8110-af65-cc402e32011e","登仕美牙醫診所","0.479"
"233","333020","奇琳技工所","桃園市龜山區文桃路489號4樓之5","matched_update","0.840","0.620","1.000","1.000","奇琳數位牙體技術所","桃園市龜山區文桃路489號4樓之5","Sam","335dcdaa-fb2a-81ba-b4a0-fc92e759f8b7","奇峰牙體技術所","0.330"
"234","333023","江國清先生","桃園市龜山區大同路305號","matched_update","0.960","1.000","1.000","0.000","江國清先生","桃園市龜山區大同路305號","Sam","336dcdaa-fb2a-8196-8ff9-d22855974784","國泰牙體技術所","0.292"
"235","334001","冠品技工所","桃園市八德區長興路779號","matched_update","1.040","1.000","1.000","1.000","冠品牙體技術所","桃園市八德區長興路779號","Sam","33cdcdaa-fb2a-81b3-b4eb-d3d9bb345a2e","澄品牙醫診所","0.350"
"236","334002","永泰技工所","八德市永安街13巷14號","matched_update","1.040","1.000","1.000","1.000","永泰牙體技術所","桃園市八德區永安街13巷14號","","33cdcdaa-fb2a-81b0-9e42-cbb4d120c68d","永泰牙醫診所","0.640"
"237","334003","精湛技工所","八德市中興街36-1號2F","matched_update","0.960","1.000","1.000","0.000","精湛牙體技術所","桃園市八德區中興街36-1號2F","小郭","336dcdaa-fb2a-8106-969d-ce41784dedde","精湛牙醫診所","0.350"
"238","334004","舒潔牙體技術所(李先生)","八德市忠勇街377巷8號5F","matched_update","0.836","0.787","1.000","0.000","舒潔牙體技術所","桃園市八德區忠勇街377巷8號5F","Sam","336dcdaa-fb2a-815b-af04-eeaed64dea31","潔安牙醫診所","0.292"
"239","334006","信美陶齒企業社(八德)","桃園市八德區新興路45號1F","matched_update","0.901","0.898","1.000","0.000","信美陶齒企業社","桃園市八德區新興路45號1F","Sam","336dcdaa-fb2a-81ad-85ed-f768779934d1","信美牙體技術所","0.338"
"240","334009","浩鑫牙體技術所(張先生)","桃園市八德區永豐路74號","matched_update","0.836","0.787","1.000","0.000","浩鑫牙體技術所","桃園市八德區永豐路74號","Sam","336dcdaa-fb2a-815a-b741-e270d8ceedf3","浩新牙體技術所","0.292"
"241","334010","永昔牙體技術所(陳先生)","桃園市八德區廣隆街138巷19號6樓","matched_update","0.836","0.787","1.000","0.000","永昔牙體技術所","桃園市八德區廣隆街138巷19號6樓","Sam","336dcdaa-fb2a-81d4-930b-d3b2f115d0f2","陳先生","0.303"
"242","334011","良璦牙醫診所","桃園市八德區介壽路1段910號","matched_update","1.033","1.000","0.920","1.000","良璦牙醫診所","桃園市八德區介壽路一段910號1樓","Sam","335dcdaa-fb2a-81d6-a1e7-fb0b6b544b07","良鑫牙體技術所","0.350"
"243","334012","胥義順先生","桃園市八德區永固街28巷16號","matched_update","0.960","1.000","1.000","0.000","胥義順先生","桃園市八德區永固街28巷16號","Sam","336dcdaa-fb2a-8197-ad80-d3742cf413cf","憶順牙體技術所","0.292"
"244","334016","錦新牙體技術所","桃園市八德區天祥街24巷11號","matched_update","1.033","1.000","0.920","1.000","錦新牙體技術所","桃園市八德區天祥街24巷11號1樓","Sam","335dcdaa-fb2a-8186-b7a8-e82c59fc0cd3","浩新牙體技術所","0.350"
"245","335003","鴻海技工所(陳介智先生)","桃園縣大溪鎮文化路129巷21號","skipped_review","0.580","0.520","0.700","0.000","鴻海牙體技術所","桃園市大溪區文化路129巷21號","Sam","336dcdaa-fb2a-81ed-8448-ec75a2465163","國家中山科學研究院石園牙醫診所","0.247"
"246","337009","凱基牙體技術所","桃園市大園區高鐵北路二段178號4樓","matched_update","0.980","1.000","1.000","0.000","凱基牙體技術所","桃園市大園區高鐵北路二段178號4樓","Sam","335dcdaa-fb2a-8154-ab8b-f9c66fe766b3","凱弘牙體技術所","0.350"
"247","338001","宏霖技工所(宏昇)","桃園縣蘆竹鄉新興街344巷63弄10號","skipped_review","0.638","0.620","0.700","0.000","宏霖牙體技術所","桃園市蘆竹區新興街344巷63弄10號","Sam","336dcdaa-fb2a-8131-90dc-db7c514cde40","源昇牙體技術所","0.253"
"248","338010","李彥平","桃園市蘆竹區中正路122號","matched_update","0.960","1.000","1.000","0.000","李彥平","桃園市蘆竹區中正路122號","Sam","336dcdaa-fb2a-8173-971e-cdb082f76091","登峰美學牙醫診所","0.373"
"249","338012","潔明牙體技術所","桃園市寶山街229號4樓","matched_update","0.858","1.000","0.700","0.000","潔明牙體技術所","桃園市桃園區寶山街229號4樓","Sam","33cdcdaa-fb2a-8158-b535-dbe6f0d8f6c4","潔明牙醫診所","0.640"