日期,業務,客戶,客戶反應,拜訪內容,建檔時間,PageID
"2026-09-08","Gus","宏宇牙體技術所","要求報價","遞送中秋禮盒，已送達
告知老闆鋯塊合約片數已達，老闆把庫存用完再重新簽訂
氧化鋯目前較硬的使用Argen，推zz鋯塊，老闆覺得價格ok，之後會考慮替換
對zz比色版有興趣，需提供報價
-公司會議
-前往郵局郵寄cobra","2026-09-09T04:29:00.000Z","3d6dcdaa-fb2a-8188-883f-e703e27fe170"
"2026-09-08","Sam","澄恩","","推薦外染色lunar。","2026-09-09T04:29:00.000Z","3d6dcdaa-fb2a-8170-8aaa-fb02857b42fc"
"2026-09-08","Sam","久源","","推薦外染色lunar。","2026-09-09T04:29:00.000Z","3d6dcdaa-fb2a-8166-a476-ed2e433bf034"
"2026-09-08","Sam","技佳","","帳單。","2026-09-09T04:29:00.000Z","3d6dcdaa-fb2a-818a-8466-e76c9e0eabd8"
"2026-09-08","Sam","登緹","","送禮，帳單。","2026-09-09T04:29:00.000Z","3d6dcdaa-fb2a-818c-b211-de75ca315b9b"
"2026-09-08","Sam","立唯","","收款，介紹lunar。","2026-09-09T04:29:00.000Z","3d6dcdaa-fb2a-813c-b4b6-c4d22a4280c4"
"2026-09-08","Sam","曉燁","","送貨。","2026-09-09T04:29:00.000Z","3d6dcdaa-fb2a-81bb-81cd-ca15d2cd00af"
"2026-09-08","Amy","米羅牙醫","確認下單","遞送Booster內染液，關心快燒爐訂購，技師和院長討論中","2026-09-09T04:29:00.000Z","3d6dcdaa-fb2a-81fa-a919-f2ea06f0d67f"
"2026-09-08","Amy","昱佑牙體技術所","同意試用","遞送中秋禮盒，提供LUNAR GLAZE試用，介紹Rosetta玻璃陶瓷，技師會再和老闆討論","2026-09-09T04:29:00.000Z","3d6dcdaa-fb2a-81c4-8317-fe4f84a9902a"
"2026-09-08","Amy","康新牙體技術所","同意試用","關心近期設備使用狀況，提醒本週六比色、外染課程，提供LUNAR GLAZE試用，介紹Rosetta，目前貼片量還不多，先消化庫存","2026-09-09T04:29:00.000Z","3d6dcdaa-fb2a-8106-bb94-ebf5fc519224"
"2026-09-08","Amy","高新牙醫","","遞送中秋禮盒、Komax 集塵系統DM","2026-09-09T04:29:00.000Z","3d6dcdaa-fb2a-8102-9166-ff581bd4c7d1"
"2026-09-08","Amy","遠揚牙醫","要求報價","Demo SORINO集塵系統，已提供報價單，明日追蹤","2026-09-09T04:29:00.000Z","3d6dcdaa-fb2a-81f7-a1f7-c59153ab1afa"
"2026-09-08","Amy","明昌牙體技術所","","遞送中秋禮盒，分享近期課程資訊，介紹LUNAR外染和LUNAR COMPO，介紹Ray和張技師認識，關心近期材料使用狀況","2026-09-09T04:29:00.000Z","3d6dcdaa-fb2a-8126-9fe5-ecbbfea3f788"
"2026-09-08","Amy","30","","10:40公司例行性會議
-總經理佈達全聯會及學會產業動態和中秋月餅禮盒發送資訊
-致廷分享上週末全聯會活動參與狀況及大會投票結果
-Aaron解說Dentbird設計軟體更新後介面和新功能
- 新進業務同仁Otis自我介紹
- Ted 介紹公司官網架構","2026-09-09T04:29:00.000Z","3d6dcdaa-fb2a-81a9-9c78-cf520ea322d5"
"2026-09-08","Hank","禾好牙醫診所","","推ASIGA 全口重建課程","2026-09-09T04:29:00.000Z","3d6dcdaa-fb2a-81b9-9dff-c35186106c15"
"2026-09-08","Hank","星穎牙醫診所","","推ASIGA 全口重建課程","2026-09-09T04:29:00.000Z","3d6dcdaa-fb2a-815b-9a8c-c580d4be0cb4"
"2026-09-08","Hank","禾和牙體技術所","","送帳單 處理介面劑相關問題","2026-09-09T04:29:00.000Z","3d6dcdaa-fb2a-81ac-a104-df4d60e5d9e2"
"2026-09-08","Hank","鈦ㄧ牙體技術所","","送帳單 例行拜訪 推重口重建課程","2026-09-09T04:29:00.000Z","3d6dcdaa-fb2a-81ec-bd74-c9426cbe5f81"
"2026-09-08","Hank","峰皇牙體技術所","要求報價","技工桌介紹配件 報價 帶技師去已經安裝的客戶技所看實體技工桌 顏色配置","2026-09-09T04:29:00.000Z","3d6dcdaa-fb2a-81e5-92a5-d34a66d85ea9"
"2026-09-08","Hank","芯沐牙體技術所","","送貨雕刻刀 底網10包","2026-09-09T04:29:00.000Z","3d6dcdaa-fb2a-81ba-81b1-faf20aa92042"
"2026-09-08","Gus","文章牙體技術所","","半鑽換貨問題處理
-cobra寄回公司","2026-09-09T04:29:00.000Z","3d6dcdaa-fb2a-812f-9957-d6589b414fad"
"2026-09-08","Gus","三暘牙體技術所","同意試用","lunar試用","2026-09-09T04:29:00.000Z","3d6dcdaa-fb2a-8134-86a2-eaab80b455a8"
"2026-09-08","Gus","品藝牙體技術所","","送帳單","2026-09-09T04:29:00.000Z","3d6dcdaa-fb2a-8148-9ed6-daf10abc5b30"
"2026-09-08","Gus","富康牙體技術所","","送帳單","2026-09-09T04:29:00.000Z","3d6dcdaa-fb2a-8199-83ef-ca98861bd47a"
"2026-09-08","Gus","小王子牙醫診所","同意試用","sorino demo 、黑豹試用","2026-09-09T04:29:00.000Z","3d6dcdaa-fb2a-819a-83f1-c4544d841292"
"2026-09-08","Gus","立聖牙體技術所","","燒結爐維修","2026-09-09T04:29:00.000Z","3d6dcdaa-fb2a-816a-85c1-d40a46d043c5"
"2026-09-08","Eason","鴻達牙體技術所","","初次拜訪.推黑豹","2026-09-09T04:29:00.000Z","3d6dcdaa-fb2a-8182-ae2a-d95905e38976"
"2026-09-08","Eason","詠順牙體技術所","","初次拜訪.推黑豹","2026-09-09T04:29:00.000Z","3d6dcdaa-fb2a-81f0-a906-f1cea0a282cb"
"2026-09-08","Eason","樂橙牙體技術所","","初次拜訪.推黑豹","2026-09-09T04:29:00.000Z","3d6dcdaa-fb2a-8147-a591-d2b69b9279eb"
"2026-09-08","Eason","漾潔牙醫診所","","送禮.例行關心.推廣課程","2026-09-09T04:29:00.000Z","3d6dcdaa-fb2a-81a7-9098-f2b6316dfa07"
"2026-09-08","Eason","冠橋牙體技術所","","送禮.例行關心.推廣課程","2026-09-09T04:29:00.000Z","3d6dcdaa-fb2a-8105-88b3-f1c0d684d844"
"2026-09-08","Eason","冠緯牙技所","","送禮.例行關心.耗材使用.推廣課程","2026-09-09T04:29:00.000Z","3d6dcdaa-fb2a-8187-b9b1-dab90c750681"
"2026-09-07","Eason","台北馬偕","要求報價","送禮。例行關心。課程推廣，技師回饋說沒有學分，上課興趣不大
智容(技師)將我們的禮盒拿給牙科醫師們，也說會對我們推廣會有很大的幫助
文杰(技師)推染劑給他，但現在是使用GC的，但也說跟鋯塊一樣，沒甚麼問題的話不太會改變更換
張醫師有說若有甚麼比較適合醫師的東西，都可以拿去作介紹，他也毀協助幫忙
靜宜(醫工)有再追口掃機資料，有回說本周會把大多資料拿去報價","2026-09-09T04:29:00.000Z","3d6dcdaa-fb2a-810e-8626-fcdf962851e7"
"2026-09-07","Sam","新逹","","送貨。","2026-09-09T04:29:00.000Z","3d6dcdaa-fb2a-8165-ad4a-ee6f0d5dc6b3"
"2026-09-07","Sam","盛景","","帳單。催促訂鋯塊。","2026-09-09T04:29:00.000Z","3d6dcdaa-fb2a-8182-9160-dddc0013d9f0"
"2026-09-07","Sam","精品","","帳單。提醒星期六課程。","2026-09-09T04:29:00.000Z","3d6dcdaa-fb2a-81e7-b705-f930e212605f"
"2026-09-07","Sam","雲起","","收款。","2026-09-09T04:29:00.000Z","3d6dcdaa-fb2a-81f1-b8da-ce82fc7caee9"
"2026-09-07","Sam","技匠","","收款。提醒星期六課程。","2026-09-09T04:29:00.000Z","3d6dcdaa-fb2a-81bb-9af2-d416f8a5f328"
"2026-09-07","Sam","碧新","","帳單，推薦比色機。","2026-09-09T04:29:00.000Z","3d6dcdaa-fb2a-81f7-847b-c4c3e428aa1c"
"2026-09-07","Sam",".奇技","有興趣待確認","詢問Rosetta使用情況。考慮10盒價格。","2026-09-09T04:29:00.000Z","3d6dcdaa-fb2a-8119-94c3-f15f66c1959e"
"2026-09-07","Gus","顏氏牙體技術所","同意試用","提供Lunar compo、rosetta試用，後續追蹤反饋
光固化樹脂染劑使用松風的","2026-09-09T04:29:00.000Z","3d6dcdaa-fb2a-81a2-9af6-c6e1a798c91b"
"2026-09-07","Duncan","牙谷牙體","要求報價","列印機報價 跟老闆討論桌掃機需求規格及試用事宜
常用樹脂料確認 有提出如果買機器需要一併處理3ahape軟體導入問題","2026-09-09T04:29:00.000Z","3d6dcdaa-fb2a-8155-9356-cdb774dd4c08"
"2026-09-07","Duncan","元華牙體","要求報價","手機發燙確認 主機檢測
推打亮bur報價","2026-09-09T04:29:00.000Z","3d6dcdaa-fb2a-8112-97ba-d0982299b42b"
"2026-09-07","Duncan","惠人牙體","確認下單","鋯塊合約需要重簽 已達叫貨數量
跟技師討論課程需求及設計軟體導入技所問題
車機（M1)購買需求持續追蹤","2026-09-09T04:29:00.000Z","3d6dcdaa-fb2a-8173-888b-ca11904e4169"
"2026-09-07","Duncan","凱欣牙體","要求報價","鋯塊合約持續追蹤
收款
技所吸塵器馬達耗材更換 鑄造頭報價","2026-09-09T04:29:00.000Z","3d6dcdaa-fb2a-81a6-b810-ecf913cae329"
"2026-09-07","Duncan","羅氏美學","持觀望態度","推課程 跟技師討論課程內容
跟羅醫師聊新診所地點需求及探點時間","2026-09-09T04:29:00.000Z","3d6dcdaa-fb2a-815c-8c80-ccc345abc4a4"
"2026-09-07","Amy","千廣牙體技術所","","遞送中秋禮盒，介紹Ray讓呂老闆和技師認識，參觀技所環境，說明技所目前使用的列印樹酯種類，持續與呂老闆推廣光固化機","2026-09-09T04:29:00.000Z","3d6dcdaa-fb2a-8132-8537-c095259103db"
"2026-09-07","Amy","日顏美牙體技術所","確認下單","遞送中秋禮盒，關心Rosetta玻璃陶瓷訂購，近期較忙碌，成品尚未燒結，不過有回饋Gencore車削品質很好，與佩璇和Sky討論這週六Dentbird AI 設計&比色、外染課程","2026-09-09T04:29:00.000Z","3d6dcdaa-fb2a-8127-bd54-e3873f2976c7"
"2026-09-07","Amy","天承牙體技術所","確認下單","遞送中秋禮盒，關心Rosetta玻璃陶瓷訂購，因貼片Case量不多，消化庫存中，協助訂購Prettau 3 鋯塊","2026-09-09T04:29:00.000Z","3d6dcdaa-fb2a-8158-a34e-c983df07d1c9"
"2026-09-07","Amy","澄臻牙醫","","遞送對帳單，與助理確認近期院長方便拜訪的時間，等院長月底回國後再約時間拜訪","2026-09-09T04:29:00.000Z","3d6dcdaa-fb2a-818d-9a08-fd7ed79b4cf3"
"2026-09-07","Amy","川云牙醫","確認下單","遞送中秋禮盒，關心透明料槽訂購，與詹醫師分享公司近期舉辦課程、活動，產業動態，介紹Ray讓院長認識","2026-09-09T04:29:00.000Z","3d6dcdaa-fb2a-8176-bb5b-d545b5fd1b96"
"2026-09-07","Amy","禾川牙體技術所","確認下單","遞送中秋禮盒，關心Rosetta玻璃陶瓷訂購，考慮中","2026-09-09T04:29:00.000Z","3d6dcdaa-fb2a-81d2-8dff-c40c47198686"
"2026-09-07","Amy","双橡園牙醫","","遞送中秋禮盒，介紹Rosetta玻璃陶瓷，院長回覆以技師上手為主，已和技師介紹","2026-09-09T04:29:00.000Z","3d6dcdaa-fb2a-81e7-8303-e9bf103b4ca8"
"2026-09-07","Amy","寬庭牙醫","同意試用","拜訪技師長，提供Booster Liquid試用，轉達鋯塊到貨時間，遞送中秋禮盒","2026-09-09T04:29:00.000Z","3d6dcdaa-fb2a-819f-aafb-c2351fbdb76d"
"2026-09-07","Amy","寬澄牙醫","","遞送Model 樹酯 ，與新進技師認識","2026-09-09T04:29:00.000Z","3d6dcdaa-fb2a-8183-af71-f8a6e8370e49"
"2026-09-07","Hank","海悅牙醫診所","要求報價","氧化鋁噴砂機報價","2026-09-09T04:29:00.000Z","3d6dcdaa-fb2a-814b-b590-ee2664e9340b"
"2026-09-07","Hank","芯沐牙體技術所","要求報價","黑無刷手機 報價 雕刻刀報價","2026-09-09T04:29:00.000Z","3d6dcdaa-fb2a-81d8-9687-c255269ab85f"
"2026-09-07","Hank","峰皇牙醫診所","要求報價","技工桌報價 資料參考整理","2026-09-09T04:29:00.000Z","3d6dcdaa-fb2a-81af-82f2-e29f9bd2533a"
"2026-09-07","Hank","宜合牙體技術所","","維修後吸塵器送回 送鋯塊 中秋禮盒","2026-09-09T04:29:00.000Z","3d6dcdaa-fb2a-81b3-9c67-fcc05374a019"
"2026-09-07","Hank","慈濟新店","","車機採購案資料修改","2026-09-09T04:29:00.000Z","3d6dcdaa-fb2a-812a-9269-d6b6d6336c51"
"2026-09-07","Hank","健新牙體技術所","","送掃描蠟 更換發票","2026-09-09T04:29:00.000Z","3d6dcdaa-fb2a-8113-8ff1-ed4c034d6ec4"
"2026-09-07","Gus","鼎田牙體技術所","","送帳單","2026-09-09T04:29:00.000Z","3d6dcdaa-fb2a-818e-9c69-f4bab83c52b1"
"2026-09-07","Gus","晶璽牙體技術所","同意試用","Lunar試用","2026-09-09T04:29:00.000Z","3d6dcdaa-fb2a-81ce-b182-ef77c582764b"
"2026-09-07","Gus","富康牙體技術所","","送帳單","2026-09-09T04:29:00.000Z","3d6dcdaa-fb2a-8110-8e19-c048106c47e2"
"2026-09-07","Gus","品藝牙體技術所","","送帳單","2026-09-09T04:29:00.000Z","3d6dcdaa-fb2a-810e-963f-edbc5f64f0b9"
"2026-09-07","Gus","致臻牙體技術所","","Dentbird教學","2026-09-09T04:29:00.000Z","3d6dcdaa-fb2a-8144-9eef-cbe8c1889393"
"2026-09-07","Gus","謙禾牙醫診所","","收款、exocad教學","2026-09-09T04:29:00.000Z","3d6dcdaa-fb2a-8183-89eb-e9527b83bc37"
"2026-09-07","Gus","采風牙醫診所","同意試用","送帳單、lunar試用","2026-09-09T04:29:00.000Z","3d6dcdaa-fb2a-8129-987c-f2a67eebaecb"
"2026-09-07","Eason","新高美牙技所","","送禮.例行關心.課程推廣","2026-09-09T04:29:00.000Z","3d6dcdaa-fb2a-8189-be88-c87df09fb246"
"2026-09-07","Eason","杏安牙體技術所","","送禮.例行關心.課程推廣","2026-09-09T04:29:00.000Z","3d6dcdaa-fb2a-81c8-93a0-c1b04532a1d1"
"2026-09-07","Eason","爵世牙醫診所","","送禮.例行關心","2026-09-09T04:28:00.000Z","3d6dcdaa-fb2a-8190-b56f-da1575a3d280"
"2026-09-07","Eason","達爾文牙體技術所","","送貨.送禮.例行關心.告知列印料價格","2026-09-09T04:28:00.000Z","3d6dcdaa-fb2a-815b-90b0-d556e3165a6b"
"2026-09-07","Eason","鼎新牙體技術所","","送禮.例行關心.推廣課程","2026-09-09T04:28:00.000Z","3d6dcdaa-fb2a-81af-84c8-fdf8153579bb"
"2026-09-07","Eason","元利牙體技術所","","送貨.送禮.例行關心","2026-09-09T04:28:00.000Z","3d6dcdaa-fb2a-8168-8ec8-dee296c9ae4e"
"2026-09-07","Eason","漢鼎牙技所","","送貨.例行關心.耗材使用","2026-09-09T04:28:00.000Z","3d6dcdaa-fb2a-81e9-83cc-dc8c0c3a9922"
"2026-09-04","Duncan","佶慶牙體","確認下單","幫老闆確認需要下訂樹脂牙
手機有在思考需要購買2～3台備用機
持續關心手機使用狀況
確認明天劉醫師與李勃課程之課程準備","2026-09-09T04:28:00.000Z","3d6dcdaa-fb2a-8103-a9a7-efd8a993e386"
"2026-09-04","Gus","敬智牙體技術所","同意試用","有在找3d色內染，詢問有無相關產品後回覆
推lunar外染，技所量太大了，只有上釉而已，下次安排釉膏試用
關心Asiga 使用，一切正常，老闆也很滿意
推9-10月課程，老闆會在參考看看","2026-09-09T04:28:00.000Z","3d6dcdaa-fb2a-818b-aeea-f9929027641f"
"2026-09-04","Gus","三暘牙體技術所","","關心Lunar外染使用狀況，師傅表示顆粒感明顯降低很多 想再試看看藍色及橘色
技師使用覺得ok就可以叫貨，不需再透過老闆決定","2026-09-09T04:28:00.000Z","3d6dcdaa-fb2a-81f9-a1ba-ee0d2992f9ca"
"2026-09-04","Gus","明輝牙體技術所","","維修技工桌1張，已維修完畢","2026-09-09T04:28:00.000Z","3d6dcdaa-fb2a-81f1-bc52-d30c86a48f98"
"2026-09-04","Sam","盛景","","洽談鋯塊合約。已簽。","2026-09-09T04:28:00.000Z","3d6dcdaa-fb2a-81e2-b99c-c9c586ec6244"
"2026-09-04","Sam","曉燁","確認下單","推lunar。訂貨。","2026-09-09T04:28:00.000Z","3d6dcdaa-fb2a-816f-b671-d179afbfbb69"
"2026-09-04","Sam","精品","持觀望態度","送禮。lunar考慮中。","2026-09-09T04:28:00.000Z","3d6dcdaa-fb2a-8184-8037-efaade1babe9"
"2026-09-04","Sam","雲啓","","送貨。約下星期收款。","2026-09-09T04:28:00.000Z","3d6dcdaa-fb2a-8101-b8fe-c3c067dbe2f4"
"2026-09-04","Sam","技匠","","送禮，推薦lunar，是否購入。Rosetta使用良好。","2026-09-09T04:28:00.000Z","3d6dcdaa-fb2a-8193-9e50-c43e9dc91f57"
"2026-09-04","Sam","威登","","送禮。","2026-09-09T04:28:00.000Z","3d6dcdaa-fb2a-812b-8437-c94c146021c4"
"2026-09-04","Amy","生活牙醫","","遞送中秋禮盒，請櫃檯同仁下週協助轉交張醫師和Lulu","2026-09-09T04:28:00.000Z","3d6dcdaa-fb2a-81c6-8c59-d17f9db68d27"
"2026-09-04","Amy","怡康牙體技術所","","遞送中秋禮盒，關心近況，介紹Rosetta玻璃陶瓷，老闆前幾年已經有使用過，效果滿意，推薦買1送1限定優惠方案","2026-09-09T04:28:00.000Z","3d6dcdaa-fb2a-814e-be62-f56650141273"
"2026-09-04","Amy","米羅牙醫","","遞送中秋禮盒，關心院長10/18數位活動義齒課程報名，院長進行植牙手術中，介紹三位技師讓Ray認識，持續推薦Turbo快燒爐","2026-09-09T04:28:00.000Z","3d6dcdaa-fb2a-8197-a3a4-ee7a053a04c6"
"2026-09-04","Amy","技億牙體技術所","持觀望態度","遞送中秋禮盒，推薦LUNAR COMPO光固化樹酯染劑，介紹YAMAHACHI PMMA和WAX，回覆較艾迪特貴一些，考慮中","2026-09-09T04:28:00.000Z","3d6dcdaa-fb2a-819f-845f-d69cb89b82e2"
"2026-09-04","Amy","聖潔牙醫","同意試用","關心SORINO試用意願，助理上週有將DM轉交院長，得知目前診所開立15年，院長主要配合高雄偉聖、彰化昱佑、中部宇禾、微笑林等Lab","2026-09-09T04:28:00.000Z","3d6dcdaa-fb2a-81d1-ac01-e816ccc2e19f"
"2026-09-04","Amy","德霖牙體技術所","同意試用","遞送Panther，關心Booster內染液和LUNAR外染劑試用狀況，因近期Case急件多，尚未有時間試用","2026-09-09T04:28:00.000Z","3d6dcdaa-fb2a-81f9-9d48-feef4945013f"
"2026-09-04","Amy","品維美學牙醫","","遞送對帳單，分享9/12比色、外染課程資訊，介紹Ray和技師認識，瞭解技所使用的材料","2026-09-09T04:28:00.000Z","3d6dcdaa-fb2a-8106-9f26-d7af3f339f79"
"2026-09-04","Amy","磐石牙體技術所","確認下單","關心Booster內染液及LUNAR外染訂購，需等艾迪特庫存及原廠內染液使用完畢在訂購","2026-09-09T04:28:00.000Z","3d6dcdaa-fb2a-81db-ba2b-fbe7202e74e3"
"2026-09-04","Hank","新術牙體技術所","","推Rosetta 及Lunar","2026-09-09T04:28:00.000Z","3d6dcdaa-fb2a-8189-89f5-e064cd08baea"
"2026-09-04","Hank","微風數位牙體技術所","","推ASIGA Detax","2026-09-09T04:28:00.000Z","3d6dcdaa-fb2a-8128-a9ed-e8f27fb00a51"
"2026-09-04","Hank","新竹台大","","遞送中秋禮盒 關心ASIGA使用情況","2026-09-09T04:28:00.000Z","3d6dcdaa-fb2a-817e-a769-e15955c0c24f"
"2026-09-04","Hank","水嶼牙醫診所","","送BSM Ultra鋯塊 Rosetta玻璃陶瓷 ZZ 染色液","2026-09-09T04:28:00.000Z","3d6dcdaa-fb2a-81a2-87fb-efc1e7d05225"
"2026-09-04","Hank","峰皇牙醫診所","要求報價","送ZZ電鍍機線材  Rosetta報價","2026-09-09T04:28:00.000Z","3d6dcdaa-fb2a-81b3-bb66-fd77fa6c3584"
"2026-09-04","Hank","芯沐牙體技術所","","送牙齒 蠟刀 推薦使用軟床材料及清潔粉","2026-09-09T04:28:00.000Z","3d6dcdaa-fb2a-8151-804d-ecdb547db6e6"
"2026-09-04","Duncan","羅氏美學","","送樹脂 確認lunar使用feedback 送高速手機","2026-09-09T04:28:00.000Z","3d6dcdaa-fb2a-8178-9715-dabb99803aff"
"2026-09-04","Duncan","盛霖牙體","","送帳單 確認技所需要耗材（bur/咬合器）型號","2026-09-09T04:28:00.000Z","3d6dcdaa-fb2a-811a-90fa-ec91e1846559"
"2026-09-04","Duncan","沐沐牙醫","","送帳單 推課程","2026-09-09T04:28:00.000Z","3d6dcdaa-fb2a-810a-9bf2-f7d8fe3099e9"
"2026-09-04","Duncan","凱欣牙體","","送禮 追鋯塊合約","2026-09-09T04:28:00.000Z","3d6dcdaa-fb2a-81ff-971a-fbdc045188a7"
"2026-09-04","Duncan","惠人牙體","","送禮 推課程","2026-09-09T04:28:00.000Z","3d6dcdaa-fb2a-8180-bbf0-e27b256c62d9"
"2026-09-04","Gus","瑪騰牙體技術所","","送帳單","2026-09-09T04:28:00.000Z","3d6dcdaa-fb2a-817a-b458-fd498a62ba70"
"2026-09-04","Gus","品藝牙體技術所","","送帳單","2026-09-09T04:28:00.000Z","3d6dcdaa-fb2a-8115-b8aa-d19cef15d3ef"
"2026-09-04","Gus","大象牙醫診所","","送帳單","2026-09-09T04:28:00.000Z","3d6dcdaa-fb2a-81da-8527-ebb2cda37ad0"
"2026-09-04","Gus","立新牙體技術所","同意試用","rosetta試用關心","2026-09-09T04:28:00.000Z","3d6dcdaa-fb2a-815e-86a1-ef5817c3a5e1"
"2026-09-04","Gus","仿森牙體技術所","","送帳單","2026-09-09T04:28:00.000Z","3d6dcdaa-fb2a-812f-8ac7-c002e87bcf97"
"2026-09-04","Gus","康升牙體技術所","","送帳單","2026-09-09T04:28:00.000Z","3d6dcdaa-fb2a-81f9-95ba-d9a6bb3d6fa9"
"2026-09-04","Gus","永馨牙醫診所","","送帳單","2026-09-09T04:28:00.000Z","3d6dcdaa-fb2a-811a-bb84-d2bdf7f3ba3d"
"2026-09-03","Gus","福家牙體技術所","","關心lunar compo使用狀況，一切正常
技師想了解咬合器相關配件，已提供相關資訊","2026-09-09T04:28:00.000Z","3d6dcdaa-fb2a-8181-924f-f8ac038fc856"
"2026-09-03","Sam","浩新","","送貨。","2026-09-09T04:28:00.000Z","3d6dcdaa-fb2a-813e-be81-d2cfd2f8ce38"
"2026-09-03","Sam","正一","","送貨。","2026-09-09T04:28:00.000Z","3d6dcdaa-fb2a-81fb-b773-c4d7acbbb575"
"2026-09-03","Sam","奇琳","","送貨。","2026-09-09T04:28:00.000Z","3d6dcdaa-fb2a-81ce-a40c-ccc097e05fa0"
"2026-09-03","Sam","佳美","","送禮。","2026-09-09T04:28:00.000Z","3d6dcdaa-fb2a-811d-9eda-d2c345b71327"
"2026-09-03","Sam","昶勝","","收款。送貨。","2026-09-09T04:28:00.000Z","3d6dcdaa-fb2a-8136-9e29-d1d5d90e253a"
"2026-09-03","Sam","維思登牙醫","","送貨。","2026-09-09T04:28:00.000Z","3d6dcdaa-fb2a-81c1-9ee2-c64412554d3c"
"2026-09-03","Sam","大安","","送貨。","2026-09-09T04:28:00.000Z","3d6dcdaa-fb2a-81f8-9216-f0d75ef88ffa"
"2026-09-03","Sam","京鼎牙醫","","送禮，推薦課程。","2026-09-09T04:28:00.000Z","3d6dcdaa-fb2a-8107-8601-d9e29bfae497"
"2026-09-03","Sam","百亨","","送貨，收款。送禮。","2026-09-09T04:28:00.000Z","3d6dcdaa-fb2a-81ad-b64f-d75cd5b6fdf0"
"2026-09-03","Sam","喬登","","送貨。送禮。","2026-09-09T04:28:00.000Z","3d6dcdaa-fb2a-8112-8268-c5db9ca59086"
"2026-09-03","Amy","澄臻牙醫","","關心技師下週六課程報名，院長和技師在看診，下週再約時間拜訪，介紹Ray讓兩位資深助理認識","2026-09-09T04:28:00.000Z","3d6dcdaa-fb2a-8193-ae7e-f03106adf195"
"2026-09-03","Amy","川云牙醫","","遞送對帳單，關心技師近期列印機和材料使用狀況，預計近期會開始列印手術導板和維持器，收回轉交Aaron的料槽","2026-09-09T04:28:00.000Z","3d6dcdaa-fb2a-8100-ac33-c6245e8e99df"
"2026-09-03","Amy","品晶牙體技術所","","遞送對帳單，關心LUNAR外染劑使用狀況，介紹技師長讓Ray認識，關心FC-30使用狀況，一切良好","2026-09-09T04:28:00.000Z","3d6dcdaa-fb2a-8140-a449-f20f9087be3d"
"2026-09-03","Amy","錦鎰牙體技術所","","請款，老闆面試中，擇日再關心LUNAR外染劑使用狀況和介紹Rosetta玻璃陶瓷","2026-09-09T04:28:00.000Z","3d6dcdaa-fb2a-81f6-a108-eb70e395b554"
"2026-09-03","Amy","日出牙體技術所","","遞送黑色無刷馬達、原廠鋯塊，分享9/12比色、外染課程資訊","2026-09-09T04:28:00.000Z","3d6dcdaa-fb2a-81dc-87d0-e053338ff7d9"
"2026-09-03","Amy","全欣美牙體技術所","","遞送對帳單，介紹Ray與黃老闆和技師認識，瞭解技所環境及目前使用設備、材料，兩台Komax使用皆良好","2026-09-09T04:28:00.000Z","3d6dcdaa-fb2a-8154-a711-d25fb5a346d3"
"2026-09-03","Amy","天承牙體技術所","","遞送對帳單，技師外出比色，與陳老闆打招呼介紹Ray認識","2026-09-09T04:28:00.000Z","3d6dcdaa-fb2a-815a-a035-f3ce16830b63"
"2026-09-03","Amy","真愛美學牙醫","","寬庭體系總部，遞送對帳單，介紹Sorino集塵系統","2026-09-09T04:28:00.000Z","3d6dcdaa-fb2a-81c8-85e4-f586457f8212"
"2026-09-03","Amy","心和牙醫","","介紹Komax 集塵系統，推廣Zirkonzahn 品牌，與鄭醫師分享10/18數位活動義齒課程","2026-09-09T04:28:00.000Z","3d6dcdaa-fb2a-81f9-8649-cba389e81418"
"2026-09-03","Amy","愛生牙醫","","關心Sorino集塵系統Demo意願，推廣Zirkonzahn 品牌，分享課程資訊","2026-09-09T04:28:00.000Z","3d6dcdaa-fb2a-81c1-86a3-f7eda7f52b52"
"2026-09-03","Eason","登特萊牙體技術所","","例行關心.耗材和課程推廣","2026-09-09T04:28:00.000Z","3d6dcdaa-fb2a-818f-9db2-c3eb53cb3203"
"2026-09-03","Eason","禾玥牙醫診所","同意試用","送禮.例行關心.拿回試用染劑.列印機關心","2026-09-09T04:28:00.000Z","3d6dcdaa-fb2a-81f4-a606-f2425ab7a4fe"
"2026-09-03","Eason","九大牙體技術所","","換機(列印機介紹)","2026-09-09T04:28:00.000Z","3d6dcdaa-fb2a-81bc-89b3-cabe2d325f50"
"2026-09-03","Eason","巧藝牙體技術所","","送禮.例行關心","2026-09-09T04:28:00.000Z","3d6dcdaa-fb2a-81b1-92e1-d5ddaae94ca4"
"2026-09-03","Eason","杏安牙體技術所","","送禮.例行關心","2026-09-09T04:28:00.000Z","3d6dcdaa-fb2a-8188-9981-e8785eddbd83"
"2026-09-03","Eason","登鴻牙體技術所","確認下單","送貨。現在都是員工在用，覺得好用就自己花錢購買
例行關心。也說之後有新東西都可以介紹","2026-09-09T04:28:00.000Z","3d6dcdaa-fb2a-8147-b783-f1b166fd3019"
"2026-09-03","Eason","日升牙體技術所","","例行關心。材料都是和材料商叫，原因我們比較貴
推廣課程，有回覆兩天暫時沒時間參加，也說往後有課程都可以提供","2026-09-09T04:28:00.000Z","3d6dcdaa-fb2a-81b5-b10f-e7a027bffd7c"
"2026-09-03","Eason","嘉鑫牙技所","同意試用","例行關心。DENTBIRD DEMO
客戶是覺得還可以，但跟想像有點落差，有說要討論一下，有問題會再提出
有說若真的有興趣9/21，原廠會來台灣。有機會可以帶去技所
老闆有再問前牙鋯塊，有建議ZZ和BSM。老闆先各一塊用試用","2026-09-09T04:28:00.000Z","3d6dcdaa-fb2a-81f5-9e29-d59d188fa15e"
"2026-09-03","Eason","中原牙體技術所","","鈦盤試測。例行關心。測試過後，還是有點小誤差
NICK願意再給我們測試看看，回覆說車好會再拿去試","2026-09-09T04:28:00.000Z","3d6dcdaa-fb2a-81cb-90af-ef96b0eb2a35"
"2026-09-03","Eason","華藝牙技牙體技所","有興趣待確認","送貨。送帳單。例行關心
之前有問包埋砂，詢問後續，告知說技師還是先習慣現在用的
暫不更換","2026-09-09T04:28:00.000Z","3d6dcdaa-fb2a-818c-91c4-f30de8df354f"
"2026-09-03","Duncan","沐德牙醫","","推asiga/detax/komax","2026-09-09T04:28:00.000Z","3d6dcdaa-fb2a-81ac-b7f6-d74014c61ed5"
"2026-09-03","Duncan","佶慶牙體","確認下單","送禮盒 手機保養教學 確認樹脂牙需訂貨數量與型號","2026-09-09T04:28:00.000Z","3d6dcdaa-fb2a-81e9-a3d1-f944440946f1"
"2026-09-03","Duncan","板橋蒔美","","送禮盒 關心cobra課程報名狀況","2026-09-09T04:28:00.000Z","3d6dcdaa-fb2a-81a6-b15e-d2dc1984eda8"
"2026-09-03","Duncan","仁宏牙醫","","推sorino/komax","2026-09-09T04:28:00.000Z","3d6dcdaa-fb2a-8151-9e65-e3e6a69b45f0"
"2026-09-03","Duncan","喆品牙醫","","推asiga/sorino/komax","2026-09-09T04:28:00.000Z","3d6dcdaa-fb2a-819d-ada4-c5d3cd9e45ba"
"2026-09-03","Duncan","牙谷牙體","","送上課case/帳單 推課程優惠 追蹤上禮拜上課feedback","2026-09-09T04:28:00.000Z","3d6dcdaa-fb2a-81e0-b3a3-f1b2248eb1e6"
"2026-09-03","Hank","慈濟新店院區","","處理給採購的資料 關心車機進度","2026-09-09T04:28:00.000Z","3d6dcdaa-fb2a-819d-be6e-fff959e43663"
"2026-09-03","Hank","殷實科技","確認下單","追蹤列印機購買需求 Detax 及Titan 介紹 報價","2026-09-09T04:28:00.000Z","3d6dcdaa-fb2a-81e6-b2c7-e59e6597ae86"
"2026-09-03","Hank","立新牙體技術所","","送Yamahachi牙齒 300排送100排","2026-09-09T04:28:00.000Z","3d6dcdaa-fb2a-81d6-bba1-fd8dba847108"
"2026-09-03","Hank","頂尖牙體技術所","","送ZZ內染 上次還欠一罐 補送
推Lunar","2026-09-09T04:28:00.000Z","3d6dcdaa-fb2a-81ec-9425-e1a29bbd7af7"
"2026-09-03","Hank","永生牙體技術所","","送石膏 ZZ 染色筆","2026-09-09T04:28:00.000Z","3d6dcdaa-fb2a-8163-b1b3-ced30c9a549d"
"2026-09-03","Gus","康升牙體技術所","","遞送帳單","2026-09-09T04:28:00.000Z","3d6dcdaa-fb2a-8183-92c1-cce1b61e8fdb"
"2026-09-03","Gus","願景牙醫診所","確認下單","送課程列印品，關心課程優惠訂購意願","2026-09-09T04:28:00.000Z","3d6dcdaa-fb2a-8173-94e3-c6349157888c"
"2026-09-03","Gus","宏恩牙體技術所","","送8月帳單、推rosetta","2026-09-09T04:28:00.000Z","3d6dcdaa-fb2a-818a-b243-dc955ce9e9b0"
"2026-09-03","Gus","誠真牙醫診所","","prettau鋯塊合約簽訂","2026-09-09T04:28:00.000Z","3d6dcdaa-fb2a-81d4-b5c3-d5d6964a5b1b"
"2026-09-03","Gus","晶璽牙體技術所","","推課程","2026-09-09T04:28:00.000Z","3d6dcdaa-fb2a-8193-8aed-f499adedb124"
"2026-09-03","Gus","新閱牙醫診所","","維修asiga面板","2026-09-09T04:28:00.000Z","3d6dcdaa-fb2a-81c8-b84f-ca511ff68579"
"2026-09-02","Hank","大樂牙體技術所","","送訂的Yamahachi牙齒 湊300排送100排 有部分缺貨 寒天也缺貨 之後再補送","2026-09-09T04:28:00.000Z","3d6dcdaa-fb2a-814e-8eea-c87eeecc33b6"
"2026-09-02","Sam","鴻文","同意試用","介紹lunar，內染筆，推薦Rosetta。試用中，下次追蹤。Rosetta考慮一下。","2026-09-09T04:28:00.000Z","3d6dcdaa-fb2a-8158-ab3b-ef93a70e7d66"
"2026-09-02","Sam","陳文在","","介紹金屬。訂包埋沙。","2026-09-09T04:28:00.000Z","3d6dcdaa-fb2a-816f-8506-cccfb84b56f4"
"2026-09-02","Sam","牙藝","","送貨。","2026-09-09T04:28:00.000Z","3d6dcdaa-fb2a-81d4-a237-fc8bd37e8cfd"
"2026-09-02","Sam","宏祥","","送貨，收款。","2026-09-09T04:28:00.000Z","3d6dcdaa-fb2a-818d-a082-cbdead7a197d"
"2026-09-02","Sam","德㙯","同意試用","介紹lunar。試用中。","2026-09-09T04:28:00.000Z","3d6dcdaa-fb2a-819a-a84a-c0f1ac4c3c0f"
"2026-09-02","Amy","冠福牙體技術所","確認下單","遞送對帳單，推薦ASIGA整新機優惠方案，邀約老闆10/18數位活動義齒課程，老闆有興趣參加，持續追蹤
-協助客戶材料訂購
-前往郵局寄出鋯塊包裹
-Dentbird 問題回答（請教致廷後回覆）","2026-09-09T04:28:00.000Z","3d6dcdaa-fb2a-8100-b589-d214a209caa2"
"2026-09-02","Amy","京田/森威牙體技術所","確認下單","遞送對帳單，關心近期研磨機使用狀況，已開始測試貝施美副廠車針，協助訂購Panther，提供LUNAR GLAZE試用","2026-09-09T04:28:00.000Z","3d6dcdaa-fb2a-8199-b816-c563db69ba9f"
"2026-09-02","Amy","亞拓牙體技術所","","遞送對帳單，關心原廠鋯塊回購，介紹採購人員讓Ray認識","2026-09-09T04:28:00.000Z","3d6dcdaa-fb2a-817b-b4cc-d994666d757e"
"2026-09-02","Amy","瑞克牙醫","確認下單","提供技師試用Panther樹酯拋光打亮組及更換K4集塵箱，確認訂購兩台K4N，另一台等候明年3月苗栗新診所開幕再送達","2026-09-09T04:28:00.000Z","3d6dcdaa-fb2a-8178-987e-d8e026fbd1f4"
"2026-09-02","Amy","微笑林牙體技術所","確認下單","遞送對帳單，分享產業動態，協助訂購所需鋯塊，關心LUNAR外染劑使用狀況，回饋使用很上手","2026-09-09T04:28:00.000Z","3d6dcdaa-fb2a-8176-b391-d776cb66e9ce"
"2026-09-02","Amy","宏達牙體技術所","","領取鋯塊，關心近期列印機採購想法和材料使用狀況，技師目前仍覺得技所使用的Phrozen還足夠應付Case，導板則維持用車削方式","2026-09-09T04:28:00.000Z","3d6dcdaa-fb2a-8177-8bdc-c5f24caa76d3"
"2026-09-02","Amy","恆悦美學牙醫","","介紹Komax 系列產品，推廣Zirkonzahn 品牌，分享9/12比色課程資訊","2026-09-09T04:28:00.000Z","3d6dcdaa-fb2a-81e8-b82d-e0515e0f876b"
"2026-09-02","Amy","晶美牙醫","","介紹Sorino集塵系統，推廣Zirkonzahn 品牌，分享9/12比色課程資訊","2026-09-09T04:28:00.000Z","3d6dcdaa-fb2a-81a8-8f44-f0e61c7b7654"
"2026-09-02","Duncan","育生牙醫","","推課程 sorino/cobra","2026-09-09T04:28:00.000Z","3d6dcdaa-fb2a-814f-b44c-cd00b23070dc"
"2026-09-02","Duncan","協力牙醫","","推課程 sorino/komax","2026-09-09T04:28:00.000Z","3d6dcdaa-fb2a-81aa-95dd-eb174c41cbc0"
"2026-09-02","Duncan","穩植牙體","","確認維修手機/lunar使用狀況 送試片給Peter更新cobra文獻資料","2026-09-09T04:28:00.000Z","3d6dcdaa-fb2a-8107-9a2e-e0038462407a"
"2026-09-02","Duncan","嘉特牙體","","處理更換碳刷 確認鋯塊數量與車針使用狀況","2026-09-09T04:28:00.000Z","3d6dcdaa-fb2a-81eb-b1eb-c85ca00c0f7f"
"2026-09-02","Duncan","怡登大安","","推sorino/komax/asiga/detax","2026-09-09T04:28:00.000Z","3d6dcdaa-fb2a-8116-b97d-f8d400b00d39"
"2026-09-02","Duncan","敦南麗緻","","推sorino/asiga/detax","2026-09-09T04:28:00.000Z","3d6dcdaa-fb2a-81d9-8ee3-cbd35f4dcd10"
"2026-09-02","Duncan","羅氏美學","同意試用","處理換貨事宜 確認lunar試用反饋","2026-09-09T04:28:00.000Z","3d6dcdaa-fb2a-8192-bcd0-df4ea2d70484"
"2026-09-02","Hank","國鼎牙體技術所","","送Zirkonzahn glaze ICE 3罐
推Lunar","2026-09-09T04:28:00.000Z","3d6dcdaa-fb2a-8126-959d-d1869029f6f2"
"2026-09-02","Hank","上亞牙體技術所","確認下單","送課程牙齒及模型 關心Lunar 樹脂染劑 購買","2026-09-09T04:28:00.000Z","3d6dcdaa-fb2a-81b1-9095-e2f517a0aa3f"
"2026-09-02","Hank","健新牙體技術所","確認下單","送掃描蠟 關心列印料訂貨","2026-09-09T04:28:00.000Z","3d6dcdaa-fb2a-81e1-8099-f9e0a9b78eb3"
"2026-09-02","Hank","金立牙體技術所","","遞送帳單 初次拜訪","2026-09-09T04:28:00.000Z","3d6dcdaa-fb2a-8156-84d6-e30a5e33c582"
"2026-09-02","Hank","永生牙體技術所","","送石膏 ZZ內染筆","2026-09-09T04:28:00.000Z","3d6dcdaa-fb2a-81b3-85fe-ce4d96d365c1"
"2026-09-02","Hank","旭暉牙體技術所","","送牙齒  光照蠟","2026-09-09T04:28:00.000Z","3d6dcdaa-fb2a-81ff-8eca-e3997811a990"
"2026-09-02","Gus","岡山高竿牙醫","","送發票","2026-09-09T04:28:00.000Z","3d6dcdaa-fb2a-8195-8592-c39d9e591ec8"
"2026-09-02","Gus","宏恩牙體技術所","","送帳單、推rosetta","2026-09-09T04:28:00.000Z","3d6dcdaa-fb2a-81a8-9fb8-eecc95b28bd2"
"2026-09-02","Gus","宏益牙體技術所","","m1收回、換機","2026-09-09T04:28:00.000Z","3d6dcdaa-fb2a-81f3-9577-d5d70ec89d68"
"2026-09-02","Gus","大心牙醫診所所","","送帳單","2026-09-09T04:28:00.000Z","3d6dcdaa-fb2a-81c1-a0cf-f4b849626ac2"
"2026-09-02","Gus","塏麗牙體技術所","","遞送黑豹","2026-09-09T04:28:00.000Z","3d6dcdaa-fb2a-81c9-a2a4-d97e5718d0db"
"2026-09-02","Eason","登鴻牙體技術所","","送貨.例行關心","2026-09-09T04:28:00.000Z","3d6dcdaa-fb2a-8138-b496-f77b5892761e"
"2026-09-02","Eason","日升牙體技術所","","例行關心.推廣課程","2026-09-09T04:28:00.000Z","3d6dcdaa-fb2a-81ab-9cbd-e9de506fb873"
"2026-09-02","Eason","嘉鑫牙技所","","送貨.例行關心.DENTBIRD DEMO","2026-09-09T04:28:00.000Z","3d6dcdaa-fb2a-81e4-85bd-c0a4a0aee232"
"2026-09-02","Eason","鑫亞精密齒研所","","例行關心.推廣課程.關心列印機使用","2026-09-09T04:28:00.000Z","3d6dcdaa-fb2a-81d1-a5c0-df59c707c049"
"2026-09-02","Eason","中原牙體技術所","","鈦盤試測.例行關心","2026-09-09T04:28:00.000Z","3d6dcdaa-fb2a-81a6-a9a1-cb07e3cf7a3e"
"2026-09-02","Eason","華藝牙技牙體技所","","送貨.送帳單.例行關心","2026-09-09T04:28:00.000Z","3d6dcdaa-fb2a-81eb-b56b-d9d116ac7291"
"2026-09-01","Sam","晶創","","推lunar外染色。","2026-09-09T04:27:00.000Z","3d6dcdaa-fb2a-81a4-8c7b-edd5eed4e111"
"2026-09-01","Sam","雲啓","持觀望態度","推lunar外染色。考慮一下。","2026-09-09T04:27:00.000Z","3d6dcdaa-fb2a-81b0-9f59-d446fe54dd2c"
"2026-09-01","Sam","雅盛","同意試用","詢問lunar試用情況。尚未用，已催促。","2026-09-09T04:27:00.000Z","3d6dcdaa-fb2a-81cb-b15e-eb520db55473"
"2026-09-01","Sam","精品","","送貨。","2026-09-09T04:27:00.000Z","3d6dcdaa-fb2a-814c-9633-e87f6314d73d"
"2026-09-01","Sam","威登","","送貨。","2026-09-09T04:27:00.000Z","3d6dcdaa-fb2a-810a-ba79-d08c38329014"
"2026-09-01","Sam","育全","","送貨。","2026-09-09T04:27:00.000Z","3d6dcdaa-fb2a-817e-877a-cd613ec445b7"
"2026-09-01","Amy","星塵牙醫","","新開幕診所，遞送SORINO、公司產品DM，下週追蹤Demo意願","2026-09-09T04:27:00.000Z","3d6dcdaa-fb2a-814b-b290-f7a83bcdabe7"
"2026-09-01","Amy","璞之御牙體技術所","同意試用","遞送對帳單，介紹Rosetta玻璃陶瓷和LUNAR外染劑，提供GLAZE試用","2026-09-09T04:27:00.000Z","3d6dcdaa-fb2a-81f4-9375-e4a33583b217"
"2026-09-01","Amy","欣鴻牙醫","確認下單","遞送原廠鋯塊，關心LUNAR外染劑訂購，技師今日不在診所，擇日再拜訪關心","2026-09-09T04:27:00.000Z","3d6dcdaa-fb2a-81e8-b306-e931d6ac519f"
"2026-09-01","Amy","寶佳牙醫","同意試用","收款，遞送玻璃陶瓷，提供LUNAR Glaze 試用","2026-09-09T04:27:00.000Z","3d6dcdaa-fb2a-815b-b414-e889b0351bb1"
"2026-09-01","Amy","鈞宏牙體技術所","確認下單","帶Ray認識技師與老闆娘，說明技所平時訂購材料，介紹新型無刷馬達、咬合器","2026-09-09T04:27:00.000Z","3d6dcdaa-fb2a-81cb-8b7b-c34f17a04e65"
"2026-09-01","Duncan","詠心牙醫","","推sorino/k4/cobra","2026-09-09T04:27:00.000Z","3d6dcdaa-fb2a-81bc-be74-e6fb60a523af"
"2026-09-01","Duncan","板橋蒔美","","cobra demo","2026-09-09T04:27:00.000Z","3d6dcdaa-fb2a-8131-91a1-dc3f13f9a5d0"
"2026-09-01","Duncan","牙醫先生牙醫","","推sorino/komax/asiga/detax","2026-09-09T04:27:00.000Z","3d6dcdaa-fb2a-815f-a5dc-d893585c7f6c"
"2026-09-01","Gus","宸暘牙體技術所","","推課程","2026-09-09T04:27:00.000Z","3d6dcdaa-fb2a-814a-8a10-d348f094071d"
"2026-09-01","Eason","林口長庚","","送貨.例行關心","2026-09-09T04:27:00.000Z","3d6dcdaa-fb2a-81dd-8d42-c9089811bee7"
"2026-09-01","Eason","日沐勤美牙醫診所","","例行關心.比掃機教學處理","2026-09-09T04:27:00.000Z","3d6dcdaa-fb2a-815f-a5bf-d7dfa55eda4c"
"2026-09-01","Eason","登鴻牙體技術所","","送貨.例行關心.推廣課程","2026-09-09T04:27:00.000Z","3d6dcdaa-fb2a-81ea-909a-cc9b08416ef4"
"2026-09-01","Eason","新錡牙體技術所","同意試用","送貨.例行關心.Lunar試用","2026-09-09T04:27:00.000Z","3d6dcdaa-fb2a-810e-b958-dedd63f3eaea"
"2026-09-01","Eason","永新技工所","","送貨.例行關心.推銷牙齒","2026-09-09T04:27:00.000Z","3d6dcdaa-fb2a-8123-b83f-f21ccb4ed047"
"2026-09-01","Duncan","光玥牙醫","","推asiga/detax/cobra
cobra課程推廣 採購覺得有興趣","2026-09-01T12:42:00.000Z","3cedcdaa-fb2a-81ea-9cd1-e0afe10dc04c"
"2026-09-01","Duncan","日煦牙醫","","推asiga/detax
現役mega 8K跟nextdent 料的消耗蠻大 但都印model較多 沒有想換打算 但有新料可以報價","2026-09-01T12:42:00.000Z","3cedcdaa-fb2a-8139-9cf4-ea93c59f83d0"
"2026-09-01","Duncan","霖佳華苑牙醫","","推sorino/komax/cobra/asiga
導板/crown有送技所代列印 跟醫師告知可以提供檔案給公司試列印","2026-09-01T12:42:00.000Z","3cedcdaa-fb2a-8194-a405-f2a220fe74fd"
"2026-09-01","Duncan","康祐牙醫","","推sorino/komax
口掃機用medit 已經用了3年 知道dentbird但不會想使用","2026-09-01T12:42:00.000Z","3cedcdaa-fb2a-81d4-a701-d19d9d9c196b"
"2026-09-01","Duncan","詠心牙醫","","推sorino/k4/cobra
吸塵器下箱報價 原有的集塵罩想續用 sorino不考慮 覺得太小台","2026-09-01T12:42:00.000Z","3cedcdaa-fb2a-8178-997f-e3b2fc8f6bea"
"2026-09-01","Duncan","板橋蒔美","","cobra demo
demo完成後把機器先放在診所試用 技師反饋使用起來沒有問題 比色照相出來都很準
後續使用過後會確認需要數量 會跟asiga的方案一起談
cobra課程推廣 會跟金山/北大技師討論","2026-09-01T12:42:00.000Z","3cedcdaa-fb2a-8131-8a9a-c9666fe89c9d"
"2026-09-01","Duncan","牙醫先生牙醫","","推sorino/komax/asiga/detax
診所用過約一台3萬左右的列印機 報價detax後覺得現在的料價位偏高 告知case成本後會跟醫師討論","2026-09-01T12:42:00.000Z","3cedcdaa-fb2a-81ae-a155-c9c260c7037b"
"2026-09-01","Sam","雲起牙體技術所","","推lunar外染色。考慮一下。","2026-09-01T11:28:00.000Z","3cedcdaa-fb2a-81f0-b514-cf4755a77611"
"2026-09-01","Gus","瑪騰牙體技術所","","約定交機時間，老闆預計10月初交集，有詢問洗淨機、電腦能否先送到技所，詢問公司後回覆","2026-09-01T11:28:00.000Z","3cedcdaa-fb2a-8193-9f10-d5ab3ae9a931"
"2026-09-01","Gus","麗瓷牙體技術所","","與老闆介紹m1、m2，目前會在跟其他廠商車機比較看看，有詢問是否需要試車，老闆表示有請致臻代工過，知道品質不錯
關心叫貨，叫貨磨石、pin釘一組","2026-09-01T11:28:00.000Z","3cedcdaa-fb2a-8115-9535-e806b9c3cca8"
"2026-09-01","Gus","明輝牙體技術所","","推lunar compo，技師有挖取一點試用，待追蹤
lunar外染技師覺得不錯，不過目前庫存太多了，用完會在添購","2026-09-01T11:28:00.000Z","3cedcdaa-fb2a-812e-8c64-e19b195b220f"
"2026-09-01","Gus","宸暘牙體技術所","","推9/12、及10月活動課程，目前技所還是使用傳統活動製程，對於課程有興趣，會在看一下時間","2026-09-01T11:28:00.000Z","3cedcdaa-fb2a-8101-b599-f816227aa841"
"2026-09-01","Gus","格藝牙體技術所","","推9/12課程，已遞送dm，老闆會在考慮看看
關心叫貨，目前沒特別需要","2026-09-01T11:28:00.000Z","3cedcdaa-fb2a-8195-8637-f99ea974f2cf"
"2026-09-01","Gus","小王子牙醫診所","","處理黑豹換貨，醫師今日在另一間診所，醫師想試用其他黑豹，下週二中午與sorino deno一同進行","2026-09-01T11:28:00.000Z","3cedcdaa-fb2a-81c5-a21e-e1354c01c059"
"2026-09-01","Gus","固立鑫牙體技術所","","推活動課程，老闆會在考慮看看
關心叫貨，老闆表示近期材料商bioplast有漲價，比較下來我們比較便宜，目前還有兩三包，用完會在叫貨","2026-09-01T11:28:00.000Z","3cedcdaa-fb2a-81b5-9213-f27fe935a175"
"2026-09-01","Amy","豐達牙體技術所","","與老闆娘和技師打招呼，關心下週六比色課程報名狀況，回覆已有使用習慣的比色軟體，分享10/18數位活動義齒課程資訊","2026-09-01T11:04:00.000Z","3cedcdaa-fb2a-8126-b239-ffb945e60eb9"
"2026-09-01","Amy","德霖牙體技術所","","提供booster內染筆試用，關心列印機需求，目前Case還是石膏模居多，協助訂購Panther","2026-09-01T11:04:00.000Z","3cedcdaa-fb2a-8175-b71d-d472d300ba90"
"2026-09-01","Amy","璞之御美學有限公司","","遞送對帳單，介紹Rosetta玻璃陶瓷和LUNAR外染劑，提供GLAZE試用","2026-09-01T11:04:00.000Z","3cedcdaa-fb2a-8139-85d2-c6fc71adee25"
"2026-09-01","Amy","日顏美牙體技術所","","遞送Model樹酯和料槽，展示經理MAI車削的Rosetta Sample ，關心玻璃陶瓷訂購，等候Sample燒結後再決定顏色","2026-09-01T11:04:00.000Z","3cedcdaa-fb2a-8109-bfab-e6501c401062"
"2026-09-01","Amy","品家牙體技術所","","遞送玻璃陶瓷，提供LUNAR Glaze 試用","2026-09-01T11:04:00.000Z","3cedcdaa-fb2a-81c2-9e04-f19078469acf"
"2026-09-01","Amy","亞特牙體技術所","","關心booster內染液與鋯塊、耗材訂購，老闆外出比色，帶Ray認識技師與老闆娘，說明技所平時訂購材料","2026-09-01T11:04:00.000Z","3cedcdaa-fb2a-81af-b6d9-c49ded92de0e"
"2026-09-01","Hank","好日牙醫診所","","之前跟總經理來介紹過 電子面弓 這次來推ASIGA detax
診所是還有空間可以放 但林院長 考慮到還要請技師 所以還需要再考慮看看 宜蘭這邊請技師較不容易 還是習慣跟技工所配合 但日後如果有要規劃 再考慮","2026-09-01T10:56:00.000Z","3cedcdaa-fb2a-811a-932a-f0e6a32d0eaa"
"2026-09-01","Hank","易宏牙醫診所","","之前有來推薦過Ko max 這次推ASIGA detax  有看了列印樣品 目前都是給牙技所做 所以先參考而已 不確定未來採購時間","2026-09-01T10:56:00.000Z","3cedcdaa-fb2a-81f6-8194-d7015387522f"
"2026-09-01","Hank","雲天牙醫診所","","新開的診所 推ASIGA detax 櫃檯說他們是連鎖的 可能之後去跟總公司採購推薦會比較有用 先留DM再轉交給採購","2026-09-01T10:56:00.000Z","3cedcdaa-fb2a-816f-8b17-e61d573a7eb9"
"2026-09-01","Hank","順源牙醫","","推Rosetta 搭配 Lunar
游技師說目前已經少用玻璃陶瓷了 但是染膏可以試用看看 但最近比較用不到 有Case再送過來試用","2026-09-01T10:56:00.000Z","3cedcdaa-fb2a-8107-8ab4-f375df9b2aaf"
"2026-09-01","Hank","松禾牙體技術所","","推ZZ染色筆及Lunar
老闆覺得染色筆這類型的產品他用不習慣 沒在使用
Lunar 蠻有興趣 原本要留給老闆試用 老闆之前去韓國就有買4-5罐了
有告知老闆目前是崧達在代理
如果用得不錯 可以直接跟我們叫貨
等老闆回覆習慣用的玻璃陶瓷 透度 色號 再申請試用","2026-09-01T10:56:00.000Z","3cedcdaa-fb2a-81de-aabe-f182df0b5502"
"2026-09-01","Hank","宜合牙體技術所","","收回兩台吸塵器 維修
有一台剛才修好2-3個月
推ZZ 染色筆及Lunar
技師說會給老闆參考看看","2026-09-01T10:56:00.000Z","3cedcdaa-fb2a-81e1-b8c7-fb3b3f144d6b"